2025-03-22 13:32:41.265951: I tensorflow/core/util/port.cc:153] oneDNN custom operations are on. You may see slightly different numerical results due to floating-point round-off errors from different computation orders. To turn them off, set the environment variable `TF_ENABLE_ONEDNN_OPTS=0`.
2025-03-22 13:32:44.881791: E external/local_xla/xla/stream_executor/cuda/cuda_fft.cc:467] Unable to register cuFFT factory: Attempting to register factory for plugin cuFFT when one has already been registered
WARNING: All log messages before absl::InitializeLog() is called are written to STDERR
E0000 00:00:1742646765.062794   28997 cuda_dnn.cc:8579] Unable to register cuDNN factory: Attempting to register factory for plugin cuDNN when one has already been registered
E0000 00:00:1742646765.075245   28997 cuda_blas.cc:1407] Unable to register cuBLAS factory: Attempting to register factory for plugin cuBLAS when one has already been registered
W0000 00:00:1742646767.124381   28997 computation_placer.cc:177] computation placer already registered. Please check linkage and avoid linking the same target more than once.
W0000 00:00:1742646767.124499   28997 computation_placer.cc:177] computation placer already registered. Please check linkage and avoid linking the same target more than once.
W0000 00:00:1742646767.124517   28997 computation_placer.cc:177] computation placer already registered. Please check linkage and avoid linking the same target more than once.
W0000 00:00:1742646767.124532   28997 computation_placer.cc:177] computation placer already registered. Please check linkage and avoid linking the same target more than once.
2025-03-22 13:32:47.137721: I tensorflow/core/platform/cpu_feature_guard.cc:210] This TensorFlow binary is optimized to use available CPU instructions in performance-critical operations.
To enable the following instructions: AVX2 AVX512F AVX512_VNNI FMA, in other operations, rebuild TensorFlow with the appropriate compiler flags.
Loading dataset embeddings from data/imdb_embeddings.npy
Shape: (222140, 768)
Loading dataset from data/imdb-fragments.pkl
Loading model weights from model/imdb_weights
[SHAP] Building Explainer, sample_size=2000, n_clusters=10
[SHAP] Running shap on 2000 texts ...

PartitionExplainer explainer:   0%|          | 1/2000 [00:00<?, ?it/s]
PartitionExplainer explainer:   0%|          | 3/2000 [00:23<08:28,  3.93it/s]
PartitionExplainer explainer:   0%|          | 4/2000 [00:23<10:53,  3.05it/s]
PartitionExplainer explainer:   0%|          | 5/2000 [00:24<10:30,  3.17it/s]
PartitionExplainer explainer:   0%|          | 6/2000 [00:24<09:51,  3.37it/s]
PartitionExplainer explainer:   0%|          | 7/2000 [00:24<09:27,  3.51it/s]
PartitionExplainer explainer:   0%|          | 8/2000 [00:24<08:19,  3.98it/s]
PartitionExplainer explainer:   0%|          | 9/2000 [00:24<07:53,  4.20it/s]
PartitionExplainer explainer:   0%|          | 10/2000 [00:25<08:08,  4.08it/s]
PartitionExplainer explainer:   1%|          | 11/2000 [00:25<07:57,  4.16it/s]
PartitionExplainer explainer:   1%|          | 12/2000 [00:25<08:25,  3.93it/s]
PartitionExplainer explainer:   1%|          | 13/2000 [00:26<08:45,  3.78it/s]
PartitionExplainer explainer:   1%|          | 14/2000 [00:26<08:23,  3.94it/s]
PartitionExplainer explainer:   1%|          | 15/2000 [00:26<10:30,  3.15it/s]
PartitionExplainer explainer:   1%|          | 16/2000 [00:27<11:37,  2.85it/s]
PartitionExplainer explainer:   1%|          | 17/2000 [00:27<11:37,  2.84it/s]
PartitionExplainer explainer:   1%|          | 18/2000 [00:27<11:14,  2.94it/s]
PartitionExplainer explainer:   1%|          | 19/2000 [00:28<09:52,  3.34it/s]
PartitionExplainer explainer:   1%|          | 20/2000 [00:28<10:08,  3.26it/s]
PartitionExplainer explainer:   1%|          | 21/2000 [00:28<10:30,  3.14it/s]
PartitionExplainer explainer:   1%|          | 22/2000 [00:29<10:35,  3.11it/s]
PartitionExplainer explainer:   1%|          | 23/2000 [00:29<10:38,  3.10it/s]
PartitionExplainer explainer:   1%|          | 24/2000 [00:29<10:57,  3.01it/s]
PartitionExplainer explainer:   1%|▏         | 25/2000 [00:29<09:29,  3.47it/s]
PartitionExplainer explainer:   1%|▏         | 26/2000 [00:30<08:43,  3.77it/s]
PartitionExplainer explainer:   1%|▏         | 27/2000 [00:30<10:10,  3.23it/s]
PartitionExplainer explainer:   1%|▏         | 28/2000 [00:30<10:58,  2.99it/s]
PartitionExplainer explainer:   1%|▏         | 29/2000 [00:31<11:12,  2.93it/s]
PartitionExplainer explainer:   2%|▏         | 30/2000 [00:31<10:15,  3.20it/s]
PartitionExplainer explainer:   2%|▏         | 31/2000 [00:31<09:24,  3.49it/s]
PartitionExplainer explainer:   2%|▏         | 32/2000 [00:31<08:58,  3.66it/s]
PartitionExplainer explainer:   2%|▏         | 33/2000 [00:32<08:40,  3.78it/s]
PartitionExplainer explainer:   2%|▏         | 34/2000 [00:32<08:41,  3.77it/s]
PartitionExplainer explainer:   2%|▏         | 35/2000 [00:32<09:02,  3.62it/s]
PartitionExplainer explainer:   2%|▏         | 36/2000 [00:33<09:54,  3.30it/s]
PartitionExplainer explainer:   2%|▏         | 37/2000 [00:33<09:14,  3.54it/s]
PartitionExplainer explainer:   2%|▏         | 38/2000 [00:33<09:41,  3.38it/s]
PartitionExplainer explainer:   2%|▏         | 39/2000 [00:33<09:24,  3.47it/s]
PartitionExplainer explainer:   2%|▏         | 40/2000 [00:34<12:37,  2.59it/s]
PartitionExplainer explainer:   2%|▏         | 41/2000 [00:34<11:41,  2.79it/s]
PartitionExplainer explainer:   2%|▏         | 42/2000 [00:35<10:49,  3.01it/s]
PartitionExplainer explainer:   2%|▏         | 43/2000 [00:35<10:12,  3.19it/s]
PartitionExplainer explainer:   2%|▏         | 44/2000 [00:35<10:34,  3.08it/s]
PartitionExplainer explainer:   2%|▏         | 45/2000 [00:36<10:23,  3.13it/s]
PartitionExplainer explainer:   2%|▏         | 46/2000 [00:36<10:55,  2.98it/s]
PartitionExplainer explainer:   2%|▏         | 47/2000 [00:36<11:29,  2.83it/s]
PartitionExplainer explainer:   2%|▏         | 48/2000 [00:37<10:26,  3.11it/s]
PartitionExplainer explainer:   2%|▏         | 49/2000 [00:37<09:50,  3.30it/s]
PartitionExplainer explainer:   2%|▎         | 50/2000 [00:37<08:27,  3.85it/s]
PartitionExplainer explainer:   3%|▎         | 51/2000 [00:37<07:29,  4.34it/s]
PartitionExplainer explainer:   3%|▎         | 52/2000 [00:37<06:49,  4.76it/s]
PartitionExplainer explainer:   3%|▎         | 53/2000 [00:38<06:20,  5.11it/s]
PartitionExplainer explainer:   3%|▎         | 54/2000 [00:38<07:37,  4.26it/s]
PartitionExplainer explainer:   3%|▎         | 55/2000 [00:38<07:56,  4.08it/s]
PartitionExplainer explainer:   3%|▎         | 56/2000 [00:38<08:29,  3.82it/s]
PartitionExplainer explainer:   3%|▎         | 57/2000 [00:39<08:38,  3.75it/s]
PartitionExplainer explainer:   3%|▎         | 58/2000 [00:39<09:21,  3.46it/s]
PartitionExplainer explainer:   3%|▎         | 59/2000 [00:40<13:18,  2.43it/s]
PartitionExplainer explainer:   3%|▎         | 60/2000 [00:40<16:03,  2.01it/s]
PartitionExplainer explainer:   3%|▎         | 61/2000 [00:41<17:59,  1.80it/s]
PartitionExplainer explainer:   3%|▎         | 62/2000 [00:42<19:23,  1.67it/s]
PartitionExplainer explainer:   3%|▎         | 63/2000 [00:43<20:20,  1.59it/s]
PartitionExplainer explainer:   3%|▎         | 64/2000 [00:43<20:56,  1.54it/s]
PartitionExplainer explainer:   3%|▎         | 65/2000 [00:44<21:23,  1.51it/s]
PartitionExplainer explainer:   3%|▎         | 66/2000 [00:45<21:39,  1.49it/s]
PartitionExplainer explainer:   3%|▎         | 67/2000 [00:45<20:54,  1.54it/s]
PartitionExplainer explainer:   3%|▎         | 68/2000 [00:46<19:28,  1.65it/s]
PartitionExplainer explainer:   3%|▎         | 69/2000 [00:46<15:58,  2.01it/s]
PartitionExplainer explainer:   4%|▎         | 70/2000 [00:46<13:50,  2.32it/s]
PartitionExplainer explainer:   4%|▎         | 71/2000 [00:47<13:10,  2.44it/s]
PartitionExplainer explainer:   4%|▎         | 72/2000 [00:47<13:46,  2.33it/s]
PartitionExplainer explainer:   4%|▎         | 73/2000 [00:48<14:45,  2.18it/s]
PartitionExplainer explainer:   4%|▎         | 74/2000 [00:48<13:27,  2.38it/s]
PartitionExplainer explainer:   4%|▍         | 75/2000 [00:48<12:34,  2.55it/s]
PartitionExplainer explainer:   4%|▍         | 76/2000 [00:49<11:57,  2.68it/s]
PartitionExplainer explainer:   4%|▍         | 77/2000 [00:49<10:32,  3.04it/s]
PartitionExplainer explainer:   4%|▍         | 78/2000 [00:49<09:20,  3.43it/s]
PartitionExplainer explainer:   4%|▍         | 79/2000 [00:49<08:53,  3.60it/s]
PartitionExplainer explainer:   4%|▍         | 80/2000 [00:49<08:29,  3.77it/s]
PartitionExplainer explainer:   4%|▍         | 81/2000 [00:50<09:42,  3.29it/s]
PartitionExplainer explainer:   4%|▍         | 82/2000 [00:50<10:13,  3.13it/s]
PartitionExplainer explainer:   4%|▍         | 83/2000 [00:51<12:42,  2.51it/s]
PartitionExplainer explainer:   4%|▍         | 84/2000 [00:51<14:03,  2.27it/s]
PartitionExplainer explainer:   4%|▍         | 85/2000 [00:52<15:00,  2.13it/s]
PartitionExplainer explainer:   4%|▍         | 86/2000 [00:52<15:37,  2.04it/s]
PartitionExplainer explainer:   4%|▍         | 87/2000 [00:53<16:37,  1.92it/s]
PartitionExplainer explainer:   4%|▍         | 88/2000 [00:54<18:22,  1.73it/s]
PartitionExplainer explainer:   4%|▍         | 89/2000 [00:54<19:34,  1.63it/s]
PartitionExplainer explainer:   4%|▍         | 90/2000 [00:55<20:25,  1.56it/s]
PartitionExplainer explainer:   5%|▍         | 91/2000 [00:56<17:53,  1.78it/s]
PartitionExplainer explainer:   5%|▍         | 92/2000 [00:56<15:29,  2.05it/s]
PartitionExplainer explainer:   5%|▍         | 93/2000 [00:56<12:40,  2.51it/s]
PartitionExplainer explainer:   5%|▍         | 94/2000 [00:56<10:29,  3.03it/s]
PartitionExplainer explainer:   5%|▍         | 95/2000 [00:56<09:35,  3.31it/s]
PartitionExplainer explainer:   5%|▍         | 96/2000 [00:57<10:53,  2.91it/s]
PartitionExplainer explainer:   5%|▍         | 97/2000 [00:57<11:25,  2.78it/s]
PartitionExplainer explainer:   5%|▍         | 98/2000 [00:58<11:29,  2.76it/s]
PartitionExplainer explainer:   5%|▍         | 99/2000 [00:58<10:50,  2.92it/s]
PartitionExplainer explainer:   5%|▌         | 100/2000 [00:58<10:08,  3.12it/s]
PartitionExplainer explainer:   5%|▌         | 101/2000 [00:58<09:39,  3.28it/s]
PartitionExplainer explainer:   5%|▌         | 102/2000 [00:59<09:04,  3.48it/s]
PartitionExplainer explainer:   5%|▌         | 103/2000 [00:59<08:40,  3.64it/s]
PartitionExplainer explainer:   5%|▌         | 104/2000 [00:59<08:23,  3.77it/s]
PartitionExplainer explainer:   5%|▌         | 105/2000 [00:59<08:20,  3.79it/s]
PartitionExplainer explainer:   5%|▌         | 106/2000 [01:00<07:21,  4.29it/s]
PartitionExplainer explainer:   5%|▌         | 107/2000 [01:00<06:40,  4.73it/s]
PartitionExplainer explainer:   5%|▌         | 108/2000 [01:00<06:11,  5.09it/s]
PartitionExplainer explainer:   5%|▌         | 109/2000 [01:00<05:50,  5.39it/s]
PartitionExplainer explainer:   6%|▌         | 110/2000 [01:00<05:36,  5.62it/s]
PartitionExplainer explainer:   6%|▌         | 111/2000 [01:00<05:24,  5.81it/s]
PartitionExplainer explainer:   6%|▌         | 112/2000 [01:01<05:17,  5.94it/s]
PartitionExplainer explainer:   6%|▌         | 113/2000 [01:01<05:13,  6.01it/s]
PartitionExplainer explainer:   6%|▌         | 114/2000 [01:01<05:10,  6.07it/s]
PartitionExplainer explainer:   6%|▌         | 115/2000 [01:01<05:07,  6.12it/s]
PartitionExplainer explainer:   6%|▌         | 116/2000 [01:01<05:06,  6.15it/s]
PartitionExplainer explainer:   6%|▌         | 117/2000 [01:01<05:04,  6.18it/s]
PartitionExplainer explainer:   6%|▌         | 118/2000 [01:02<05:03,  6.19it/s]
PartitionExplainer explainer:   6%|▌         | 119/2000 [01:02<05:03,  6.20it/s]
PartitionExplainer explainer:   6%|▌         | 120/2000 [01:02<05:02,  6.21it/s]
PartitionExplainer explainer:   6%|▌         | 121/2000 [01:02<05:02,  6.20it/s]
PartitionExplainer explainer:   6%|▌         | 122/2000 [01:02<05:02,  6.21it/s]
PartitionExplainer explainer:   6%|▌         | 123/2000 [01:03<06:37,  4.73it/s]
PartitionExplainer explainer:   6%|▌         | 124/2000 [01:03<07:12,  4.34it/s]
PartitionExplainer explainer:   6%|▋         | 125/2000 [01:03<07:51,  3.98it/s]
PartitionExplainer explainer:   6%|▋         | 126/2000 [01:03<07:41,  4.06it/s]
PartitionExplainer explainer:   6%|▋         | 127/2000 [01:04<07:21,  4.24it/s]
PartitionExplainer explainer:   6%|▋         | 128/2000 [01:04<06:52,  4.54it/s]
PartitionExplainer explainer:   6%|▋         | 129/2000 [01:04<07:36,  4.10it/s]
PartitionExplainer explainer:   6%|▋         | 130/2000 [01:04<09:42,  3.21it/s]
PartitionExplainer explainer:   7%|▋         | 131/2000 [01:05<11:00,  2.83it/s]
PartitionExplainer explainer:   7%|▋         | 132/2000 [01:05<11:41,  2.66it/s]
PartitionExplainer explainer:   7%|▋         | 133/2000 [01:06<10:52,  2.86it/s]
PartitionExplainer explainer:   7%|▋         | 134/2000 [01:06<10:11,  3.05it/s]
PartitionExplainer explainer:   7%|▋         | 135/2000 [01:06<09:48,  3.17it/s]
PartitionExplainer explainer:   7%|▋         | 136/2000 [01:07<10:09,  3.06it/s]
PartitionExplainer explainer:   7%|▋         | 137/2000 [01:07<10:39,  2.91it/s]
PartitionExplainer explainer:   7%|▋         | 138/2000 [01:07<12:08,  2.56it/s]
PartitionExplainer explainer:   7%|▋         | 139/2000 [01:08<13:20,  2.33it/s]
PartitionExplainer explainer:   7%|▋         | 140/2000 [01:08<11:49,  2.62it/s]
PartitionExplainer explainer:   7%|▋         | 141/2000 [01:09<12:48,  2.42it/s]
PartitionExplainer explainer:   7%|▋         | 142/2000 [01:09<13:36,  2.28it/s]
PartitionExplainer explainer:   7%|▋         | 143/2000 [01:10<14:10,  2.18it/s]
PartitionExplainer explainer:   7%|▋         | 144/2000 [01:10<14:44,  2.10it/s]
PartitionExplainer explainer:   7%|▋         | 145/2000 [01:11<14:31,  2.13it/s]
PartitionExplainer explainer:   7%|▋         | 146/2000 [01:11<14:44,  2.10it/s]
PartitionExplainer explainer:   7%|▋         | 147/2000 [01:12<15:30,  1.99it/s]
PartitionExplainer explainer:   7%|▋         | 148/2000 [01:12<15:36,  1.98it/s]
PartitionExplainer explainer:   7%|▋         | 149/2000 [01:13<15:51,  1.95it/s]
PartitionExplainer explainer:   8%|▊         | 150/2000 [01:13<16:45,  1.84it/s]
PartitionExplainer explainer:   8%|▊         | 151/2000 [01:14<13:49,  2.23it/s]
PartitionExplainer explainer:   8%|▊         | 152/2000 [01:14<11:13,  2.74it/s]
PartitionExplainer explainer:   8%|▊         | 153/2000 [01:14<09:24,  3.27it/s]
PartitionExplainer explainer:   8%|▊         | 154/2000 [01:14<08:02,  3.82it/s]
PartitionExplainer explainer:   8%|▊         | 155/2000 [01:14<07:06,  4.33it/s]
PartitionExplainer explainer:   8%|▊         | 156/2000 [01:14<06:26,  4.77it/s]
PartitionExplainer explainer:   8%|▊         | 157/2000 [01:15<05:59,  5.13it/s]
PartitionExplainer explainer:   8%|▊         | 158/2000 [01:15<05:39,  5.42it/s]
PartitionExplainer explainer:   8%|▊         | 159/2000 [01:15<05:26,  5.64it/s]
PartitionExplainer explainer:   8%|▊         | 160/2000 [01:15<05:16,  5.81it/s]
PartitionExplainer explainer:   8%|▊         | 161/2000 [01:15<05:45,  5.32it/s]
PartitionExplainer explainer:   8%|▊         | 162/2000 [01:16<05:47,  5.28it/s]
PartitionExplainer explainer:   8%|▊         | 163/2000 [01:16<05:36,  5.45it/s]
PartitionExplainer explainer:   8%|▊         | 164/2000 [01:16<05:33,  5.51it/s]
PartitionExplainer explainer:   8%|▊         | 165/2000 [01:16<05:58,  5.12it/s]
PartitionExplainer explainer:   8%|▊         | 166/2000 [01:16<06:25,  4.75it/s]
PartitionExplainer explainer:   8%|▊         | 167/2000 [01:17<07:54,  3.86it/s]
PartitionExplainer explainer:   8%|▊         | 168/2000 [01:17<11:06,  2.75it/s]
PartitionExplainer explainer:   8%|▊         | 169/2000 [01:18<12:37,  2.42it/s]
PartitionExplainer explainer:   8%|▊         | 170/2000 [01:18<13:20,  2.29it/s]
PartitionExplainer explainer:   9%|▊         | 171/2000 [01:19<13:46,  2.21it/s]
PartitionExplainer explainer:   9%|▊         | 172/2000 [01:19<13:17,  2.29it/s]
PartitionExplainer explainer:   9%|▊         | 173/2000 [01:20<12:43,  2.39it/s]
PartitionExplainer explainer:   9%|▊         | 174/2000 [01:20<12:32,  2.43it/s]
PartitionExplainer explainer:   9%|▉         | 175/2000 [01:20<11:34,  2.63it/s]
PartitionExplainer explainer:   9%|▉         | 176/2000 [01:21<11:09,  2.72it/s]
PartitionExplainer explainer:   9%|▉         | 177/2000 [01:21<10:45,  2.82it/s]
PartitionExplainer explainer:   9%|▉         | 178/2000 [01:21<09:20,  3.25it/s]
PartitionExplainer explainer:   9%|▉         | 179/2000 [01:21<08:21,  3.63it/s]
PartitionExplainer explainer:   9%|▉         | 180/2000 [01:22<07:40,  3.95it/s]
PartitionExplainer explainer:   9%|▉         | 181/2000 [01:22<06:59,  4.34it/s]
PartitionExplainer explainer:   9%|▉         | 182/2000 [01:22<06:19,  4.79it/s]
PartitionExplainer explainer:   9%|▉         | 183/2000 [01:22<05:51,  5.16it/s]
PartitionExplainer explainer:   9%|▉         | 184/2000 [01:22<07:02,  4.30it/s]
PartitionExplainer explainer:   9%|▉         | 185/2000 [01:23<07:19,  4.13it/s]
PartitionExplainer explainer:   9%|▉         | 186/2000 [01:23<07:49,  3.86it/s]
PartitionExplainer explainer:   9%|▉         | 187/2000 [01:23<07:30,  4.02it/s]
PartitionExplainer explainer:   9%|▉         | 188/2000 [01:23<07:04,  4.27it/s]
PartitionExplainer explainer:   9%|▉         | 189/2000 [01:24<06:33,  4.60it/s]
PartitionExplainer explainer:  10%|▉         | 190/2000 [01:24<06:32,  4.61it/s]
PartitionExplainer explainer:  10%|▉         | 191/2000 [01:24<08:09,  3.69it/s]
PartitionExplainer explainer:  10%|▉         | 192/2000 [01:25<09:47,  3.08it/s]
PartitionExplainer explainer:  10%|▉         | 193/2000 [01:25<10:56,  2.75it/s]
PartitionExplainer explainer:  10%|▉         | 194/2000 [01:25<10:18,  2.92it/s]
PartitionExplainer explainer:  10%|▉         | 195/2000 [01:26<09:37,  3.12it/s]
PartitionExplainer explainer:  10%|▉         | 196/2000 [01:26<09:22,  3.21it/s]
PartitionExplainer explainer:  10%|▉         | 197/2000 [01:26<09:15,  3.24it/s]
PartitionExplainer explainer:  10%|▉         | 198/2000 [01:27<09:12,  3.26it/s]
PartitionExplainer explainer:  10%|▉         | 199/2000 [01:27<09:09,  3.28it/s]
PartitionExplainer explainer:  10%|█         | 200/2000 [01:27<09:19,  3.22it/s]
PartitionExplainer explainer:  10%|█         | 201/2000 [01:27<09:11,  3.26it/s]
PartitionExplainer explainer:  10%|█         | 202/2000 [01:28<08:26,  3.55it/s]
PartitionExplainer explainer:  10%|█         | 203/2000 [01:28<07:55,  3.78it/s]
PartitionExplainer explainer:  10%|█         | 204/2000 [01:28<07:32,  3.96it/s]
PartitionExplainer explainer:  10%|█         | 205/2000 [01:28<07:17,  4.10it/s]
PartitionExplainer explainer:  10%|█         | 206/2000 [01:29<09:46,  3.06it/s]
PartitionExplainer explainer:  10%|█         | 207/2000 [01:29<10:36,  2.82it/s]
PartitionExplainer explainer:  10%|█         | 208/2000 [01:30<11:11,  2.67it/s]
PartitionExplainer explainer:  10%|█         | 209/2000 [01:30<11:21,  2.63it/s]
PartitionExplainer explainer:  10%|█         | 210/2000 [01:30<10:52,  2.75it/s]
PartitionExplainer explainer:  11%|█         | 211/2000 [01:31<11:31,  2.59it/s]
PartitionExplainer explainer:  11%|█         | 212/2000 [01:31<11:42,  2.55it/s]
PartitionExplainer explainer:  11%|█         | 213/2000 [01:32<11:49,  2.52it/s]
PartitionExplainer explainer:  11%|█         | 214/2000 [01:32<14:30,  2.05it/s]
PartitionExplainer explainer:  11%|█         | 215/2000 [01:33<16:23,  1.81it/s]
PartitionExplainer explainer:  11%|█         | 216/2000 [01:34<17:45,  1.67it/s]
PartitionExplainer explainer:  11%|█         | 217/2000 [01:35<18:41,  1.59it/s]
PartitionExplainer explainer:  11%|█         | 218/2000 [01:35<18:05,  1.64it/s]
PartitionExplainer explainer:  11%|█         | 219/2000 [01:36<17:26,  1.70it/s]
PartitionExplainer explainer:  11%|█         | 220/2000 [01:36<16:25,  1.81it/s]
PartitionExplainer explainer:  11%|█         | 221/2000 [01:36<15:03,  1.97it/s]
PartitionExplainer explainer:  11%|█         | 222/2000 [01:37<14:05,  2.10it/s]
PartitionExplainer explainer:  11%|█         | 223/2000 [01:37<13:37,  2.17it/s]
PartitionExplainer explainer:  11%|█         | 224/2000 [01:38<12:48,  2.31it/s]
PartitionExplainer explainer:  11%|█▏        | 225/2000 [01:38<10:45,  2.75it/s]
PartitionExplainer explainer:  11%|█▏        | 226/2000 [01:38<09:13,  3.21it/s]
PartitionExplainer explainer:  11%|█▏        | 227/2000 [01:38<09:29,  3.11it/s]
PartitionExplainer explainer:  11%|█▏        | 228/2000 [01:39<09:56,  2.97it/s]
PartitionExplainer explainer:  11%|█▏        | 229/2000 [01:39<10:50,  2.72it/s]
PartitionExplainer explainer:  12%|█▏        | 230/2000 [01:40<11:41,  2.52it/s]
PartitionExplainer explainer:  12%|█▏        | 231/2000 [01:40<12:04,  2.44it/s]
PartitionExplainer explainer:  12%|█▏        | 232/2000 [01:41<12:20,  2.39it/s]
PartitionExplainer explainer:  12%|█▏        | 233/2000 [01:41<13:01,  2.26it/s]
PartitionExplainer explainer:  12%|█▏        | 234/2000 [01:42<13:30,  2.18it/s]
PartitionExplainer explainer:  12%|█▏        | 235/2000 [01:42<14:02,  2.09it/s]
PartitionExplainer explainer:  12%|█▏        | 236/2000 [01:43<15:01,  1.96it/s]
PartitionExplainer explainer:  12%|█▏        | 237/2000 [01:43<13:02,  2.25it/s]
PartitionExplainer explainer:  12%|█▏        | 238/2000 [01:43<10:59,  2.67it/s]
PartitionExplainer explainer:  12%|█▏        | 239/2000 [01:43<09:06,  3.22it/s]
PartitionExplainer explainer:  12%|█▏        | 240/2000 [01:43<07:47,  3.76it/s]
PartitionExplainer explainer:  12%|█▏        | 241/2000 [01:44<06:52,  4.27it/s]
PartitionExplainer explainer:  12%|█▏        | 242/2000 [01:44<06:13,  4.71it/s]
PartitionExplainer explainer:  12%|█▏        | 243/2000 [01:44<05:45,  5.09it/s]
PartitionExplainer explainer:  12%|█▏        | 244/2000 [01:44<05:26,  5.38it/s]
PartitionExplainer explainer:  12%|█▏        | 245/2000 [01:44<06:41,  4.37it/s]
PartitionExplainer explainer:  12%|█▏        | 246/2000 [01:45<07:05,  4.12it/s]
PartitionExplainer explainer:  12%|█▏        | 247/2000 [01:45<07:36,  3.84it/s]
PartitionExplainer explainer:  12%|█▏        | 248/2000 [01:45<07:19,  3.99it/s]
PartitionExplainer explainer:  12%|█▏        | 249/2000 [01:45<06:54,  4.23it/s]
PartitionExplainer explainer:  12%|█▎        | 250/2000 [01:46<06:24,  4.55it/s]
PartitionExplainer explainer:  13%|█▎        | 251/2000 [01:46<06:20,  4.59it/s]
PartitionExplainer explainer:  13%|█▎        | 252/2000 [01:46<07:34,  3.85it/s]
PartitionExplainer explainer:  13%|█▎        | 253/2000 [01:47<08:19,  3.50it/s]
PartitionExplainer explainer:  13%|█▎        | 254/2000 [01:47<08:50,  3.29it/s]
PartitionExplainer explainer:  13%|█▎        | 255/2000 [01:47<08:14,  3.53it/s]
PartitionExplainer explainer:  13%|█▎        | 256/2000 [01:47<07:37,  3.81it/s]
PartitionExplainer explainer:  13%|█▎        | 257/2000 [01:48<06:57,  4.18it/s]
PartitionExplainer explainer:  13%|█▎        | 258/2000 [01:48<07:11,  4.04it/s]
PartitionExplainer explainer:  13%|█▎        | 259/2000 [01:48<07:04,  4.10it/s]
PartitionExplainer explainer:  13%|█▎        | 260/2000 [01:48<08:11,  3.54it/s]
PartitionExplainer explainer:  13%|█▎        | 261/2000 [01:49<09:08,  3.17it/s]
PartitionExplainer explainer:  13%|█▎        | 262/2000 [01:49<08:33,  3.39it/s]
PartitionExplainer explainer:  13%|█▎        | 263/2000 [01:49<09:32,  3.03it/s]
PartitionExplainer explainer:  13%|█▎        | 264/2000 [01:50<09:49,  2.95it/s]
PartitionExplainer explainer:  13%|█▎        | 265/2000 [01:50<10:17,  2.81it/s]
PartitionExplainer explainer:  13%|█▎        | 266/2000 [01:51<10:03,  2.87it/s]
PartitionExplainer explainer:  13%|█▎        | 267/2000 [01:51<09:44,  2.96it/s]
PartitionExplainer explainer:  13%|█▎        | 268/2000 [01:51<09:27,  3.05it/s]
PartitionExplainer explainer:  13%|█▎        | 269/2000 [01:52<09:28,  3.05it/s]
PartitionExplainer explainer:  14%|█▎        | 270/2000 [01:52<09:20,  3.09it/s]
PartitionExplainer explainer:  14%|█▎        | 271/2000 [01:52<09:08,  3.15it/s]
PartitionExplainer explainer:  14%|█▎        | 272/2000 [01:52<09:12,  3.13it/s]
PartitionExplainer explainer:  14%|█▎        | 273/2000 [01:53<08:24,  3.42it/s]
PartitionExplainer explainer:  14%|█▎        | 274/2000 [01:53<07:16,  3.95it/s]
PartitionExplainer explainer:  14%|█▍        | 275/2000 [01:53<06:29,  4.43it/s]
PartitionExplainer explainer:  14%|█▍        | 276/2000 [01:53<05:55,  4.85it/s]
PartitionExplainer explainer:  14%|█▍        | 277/2000 [01:53<05:32,  5.17it/s]
PartitionExplainer explainer:  14%|█▍        | 278/2000 [01:53<05:16,  5.44it/s]
PartitionExplainer explainer:  14%|█▍        | 279/2000 [01:54<05:38,  5.08it/s]
PartitionExplainer explainer:  14%|█▍        | 280/2000 [01:54<05:37,  5.09it/s]
PartitionExplainer explainer:  14%|█▍        | 281/2000 [01:54<05:24,  5.30it/s]
PartitionExplainer explainer:  14%|█▍        | 282/2000 [01:54<05:20,  5.36it/s]
PartitionExplainer explainer:  14%|█▍        | 283/2000 [01:54<05:07,  5.58it/s]
PartitionExplainer explainer:  14%|█▍        | 284/2000 [01:55<05:13,  5.47it/s]
PartitionExplainer explainer:  14%|█▍        | 285/2000 [01:55<05:07,  5.58it/s]
PartitionExplainer explainer:  14%|█▍        | 286/2000 [01:55<05:05,  5.60it/s]
PartitionExplainer explainer:  14%|█▍        | 287/2000 [01:55<04:57,  5.76it/s]
PartitionExplainer explainer:  14%|█▍        | 288/2000 [01:55<04:50,  5.89it/s]
PartitionExplainer explainer:  14%|█▍        | 289/2000 [01:55<04:46,  5.97it/s]
PartitionExplainer explainer:  14%|█▍        | 290/2000 [01:56<05:41,  5.00it/s]
PartitionExplainer explainer:  15%|█▍        | 291/2000 [01:56<06:27,  4.41it/s]
PartitionExplainer explainer:  15%|█▍        | 292/2000 [01:56<06:59,  4.07it/s]
PartitionExplainer explainer:  15%|█▍        | 293/2000 [01:57<07:38,  3.72it/s]
PartitionExplainer explainer:  15%|█▍        | 294/2000 [01:57<08:16,  3.44it/s]
PartitionExplainer explainer:  15%|█▍        | 295/2000 [01:57<07:43,  3.68it/s]
PartitionExplainer explainer:  15%|█▍        | 296/2000 [01:57<07:21,  3.86it/s]
PartitionExplainer explainer:  15%|█▍        | 297/2000 [01:58<06:52,  4.13it/s]
PartitionExplainer explainer:  15%|█▍        | 298/2000 [01:58<06:32,  4.33it/s]
PartitionExplainer explainer:  15%|█▍        | 299/2000 [01:58<06:31,  4.35it/s]
PartitionExplainer explainer:  15%|█▌        | 300/2000 [01:58<06:29,  4.36it/s]
PartitionExplainer explainer:  15%|█▌        | 301/2000 [01:58<05:55,  4.78it/s]
PartitionExplainer explainer:  15%|█▌        | 302/2000 [01:59<07:04,  4.00it/s]
PartitionExplainer explainer:  15%|█▌        | 303/2000 [01:59<07:59,  3.54it/s]
PartitionExplainer explainer:  15%|█▌        | 304/2000 [02:00<09:44,  2.90it/s]
PartitionExplainer explainer:  15%|█▌        | 305/2000 [02:00<10:32,  2.68it/s]
PartitionExplainer explainer:  15%|█▌        | 306/2000 [02:01<11:07,  2.54it/s]
PartitionExplainer explainer:  15%|█▌        | 307/2000 [02:01<11:31,  2.45it/s]
PartitionExplainer explainer:  15%|█▌        | 308/2000 [02:02<13:51,  2.03it/s]
PartitionExplainer explainer:  15%|█▌        | 309/2000 [02:02<15:35,  1.81it/s]
PartitionExplainer explainer:  16%|█▌        | 310/2000 [02:03<16:46,  1.68it/s]
PartitionExplainer explainer:  16%|█▌        | 311/2000 [02:04<17:40,  1.59it/s]
PartitionExplainer explainer:  16%|█▌        | 312/2000 [02:04<15:58,  1.76it/s]
PartitionExplainer explainer:  16%|█▌        | 313/2000 [02:04<13:26,  2.09it/s]
PartitionExplainer explainer:  16%|█▌        | 314/2000 [02:05<11:23,  2.47it/s]
PartitionExplainer explainer:  16%|█▌        | 315/2000 [02:05<09:49,  2.86it/s]
PartitionExplainer explainer:  16%|█▌        | 316/2000 [02:05<08:52,  3.16it/s]
PartitionExplainer explainer:  16%|█▌        | 317/2000 [02:05<08:24,  3.34it/s]
PartitionExplainer explainer:  16%|█▌        | 318/2000 [02:06<07:31,  3.72it/s]
PartitionExplainer explainer:  16%|█▌        | 319/2000 [02:06<06:59,  4.01it/s]
PartitionExplainer explainer:  16%|█▌        | 320/2000 [02:06<06:14,  4.48it/s]
PartitionExplainer explainer:  16%|█▌        | 321/2000 [02:06<05:52,  4.76it/s]
PartitionExplainer explainer:  16%|█▌        | 322/2000 [02:06<05:33,  5.03it/s]
PartitionExplainer explainer:  16%|█▌        | 323/2000 [02:06<05:19,  5.24it/s]
PartitionExplainer explainer:  16%|█▌        | 324/2000 [02:07<06:31,  4.29it/s]
PartitionExplainer explainer:  16%|█▋        | 325/2000 [02:07<07:02,  3.97it/s]
PartitionExplainer explainer:  16%|█▋        | 326/2000 [02:07<07:28,  3.73it/s]
PartitionExplainer explainer:  16%|█▋        | 327/2000 [02:08<07:08,  3.90it/s]
PartitionExplainer explainer:  16%|█▋        | 328/2000 [02:08<06:42,  4.15it/s]
PartitionExplainer explainer:  16%|█▋        | 329/2000 [02:08<06:12,  4.49it/s]
PartitionExplainer explainer:  16%|█▋        | 330/2000 [02:08<06:19,  4.40it/s]
PartitionExplainer explainer:  17%|█▋        | 331/2000 [02:09<07:25,  3.75it/s]
PartitionExplainer explainer:  17%|█▋        | 332/2000 [02:09<08:37,  3.22it/s]
PartitionExplainer explainer:  17%|█▋        | 333/2000 [02:09<09:28,  2.93it/s]
PartitionExplainer explainer:  17%|█▋        | 334/2000 [02:10<09:05,  3.06it/s]
PartitionExplainer explainer:  17%|█▋        | 335/2000 [02:10<08:25,  3.29it/s]
PartitionExplainer explainer:  17%|█▋        | 336/2000 [02:10<07:57,  3.49it/s]
PartitionExplainer explainer:  17%|█▋        | 337/2000 [02:11<07:48,  3.55it/s]
PartitionExplainer explainer:  17%|█▋        | 338/2000 [02:11<07:30,  3.69it/s]
PartitionExplainer explainer:  17%|█▋        | 339/2000 [02:11<07:09,  3.87it/s]
PartitionExplainer explainer:  17%|█▋        | 340/2000 [02:11<07:03,  3.92it/s]
PartitionExplainer explainer:  17%|█▋        | 341/2000 [02:11<07:05,  3.90it/s]
PartitionExplainer explainer:  17%|█▋        | 342/2000 [02:12<06:17,  4.39it/s]
PartitionExplainer explainer:  17%|█▋        | 343/2000 [02:12<05:44,  4.81it/s]
PartitionExplainer explainer:  17%|█▋        | 344/2000 [02:12<05:20,  5.16it/s]
PartitionExplainer explainer:  17%|█▋        | 345/2000 [02:12<05:03,  5.45it/s]
PartitionExplainer explainer:  17%|█▋        | 346/2000 [02:12<05:41,  4.84it/s]
PartitionExplainer explainer:  17%|█▋        | 347/2000 [02:13<07:34,  3.64it/s]
PartitionExplainer explainer:  17%|█▋        | 348/2000 [02:13<08:31,  3.23it/s]
PartitionExplainer explainer:  17%|█▋        | 349/2000 [02:14<09:02,  3.04it/s]
PartitionExplainer explainer:  18%|█▊        | 350/2000 [02:14<10:06,  2.72it/s]
PartitionExplainer explainer:  18%|█▊        | 351/2000 [02:14<10:11,  2.69it/s]
PartitionExplainer explainer:  18%|█▊        | 352/2000 [02:15<10:05,  2.72it/s]
PartitionExplainer explainer:  18%|█▊        | 353/2000 [02:15<10:00,  2.74it/s]
PartitionExplainer explainer:  18%|█▊        | 354/2000 [02:16<10:07,  2.71it/s]
PartitionExplainer explainer:  18%|█▊        | 355/2000 [02:16<10:38,  2.58it/s]
PartitionExplainer explainer:  18%|█▊        | 356/2000 [02:16<09:50,  2.78it/s]
PartitionExplainer explainer:  18%|█▊        | 357/2000 [02:16<08:33,  3.20it/s]
PartitionExplainer explainer:  18%|█▊        | 358/2000 [02:17<07:43,  3.54it/s]
PartitionExplainer explainer:  18%|█▊        | 359/2000 [02:17<08:14,  3.32it/s]
PartitionExplainer explainer:  18%|█▊        | 360/2000 [02:17<09:23,  2.91it/s]
PartitionExplainer explainer:  18%|█▊        | 361/2000 [02:18<09:32,  2.86it/s]
PartitionExplainer explainer:  18%|█▊        | 362/2000 [02:18<09:29,  2.88it/s]
PartitionExplainer explainer:  18%|█▊        | 363/2000 [02:19<09:34,  2.85it/s]
PartitionExplainer explainer:  18%|█▊        | 364/2000 [02:19<09:05,  3.00it/s]
PartitionExplainer explainer:  18%|█▊        | 365/2000 [02:19<08:33,  3.19it/s]
PartitionExplainer explainer:  18%|█▊        | 366/2000 [02:19<08:21,  3.26it/s]
PartitionExplainer explainer:  18%|█▊        | 367/2000 [02:20<08:24,  3.24it/s]
PartitionExplainer explainer:  18%|█▊        | 368/2000 [02:20<08:35,  3.17it/s]
PartitionExplainer explainer:  18%|█▊        | 369/2000 [02:20<08:28,  3.21it/s]
PartitionExplainer explainer:  18%|█▊        | 370/2000 [02:21<07:39,  3.55it/s]
PartitionExplainer explainer:  19%|█▊        | 371/2000 [02:21<07:17,  3.72it/s]
PartitionExplainer explainer:  19%|█▊        | 372/2000 [02:21<06:24,  4.23it/s]
PartitionExplainer explainer:  19%|█▊        | 373/2000 [02:21<05:48,  4.67it/s]
PartitionExplainer explainer:  19%|█▊        | 374/2000 [02:21<05:22,  5.04it/s]
PartitionExplainer explainer:  19%|█▉        | 375/2000 [02:22<06:13,  4.35it/s]
PartitionExplainer explainer:  19%|█▉        | 376/2000 [02:22<09:28,  2.86it/s]
PartitionExplainer explainer:  19%|█▉        | 377/2000 [02:23<11:39,  2.32it/s]
PartitionExplainer explainer:  19%|█▉        | 378/2000 [02:24<13:54,  1.94it/s]
PartitionExplainer explainer:  19%|█▉        | 379/2000 [02:24<14:50,  1.82it/s]
PartitionExplainer explainer:  19%|█▉        | 380/2000 [02:25<14:57,  1.80it/s]
PartitionExplainer explainer:  19%|█▉        | 381/2000 [02:25<14:42,  1.83it/s]
PartitionExplainer explainer:  19%|█▉        | 382/2000 [02:26<14:18,  1.89it/s]
PartitionExplainer explainer:  19%|█▉        | 383/2000 [02:26<14:00,  1.92it/s]
PartitionExplainer explainer:  19%|█▉        | 384/2000 [02:27<13:47,  1.95it/s]
PartitionExplainer explainer:  19%|█▉        | 385/2000 [02:27<13:10,  2.04it/s]
PartitionExplainer explainer:  19%|█▉        | 386/2000 [02:27<11:02,  2.44it/s]
PartitionExplainer explainer:  19%|█▉        | 387/2000 [02:28<09:37,  2.79it/s]
PartitionExplainer explainer:  19%|█▉        | 388/2000 [02:28<08:14,  3.26it/s]
PartitionExplainer explainer:  19%|█▉        | 389/2000 [02:28<08:24,  3.19it/s]
PartitionExplainer explainer:  20%|█▉        | 390/2000 [02:28<08:15,  3.25it/s]
PartitionExplainer explainer:  20%|█▉        | 391/2000 [02:29<10:07,  2.65it/s]
PartitionExplainer explainer:  20%|█▉        | 392/2000 [02:29<10:47,  2.48it/s]
PartitionExplainer explainer:  20%|█▉        | 393/2000 [02:30<10:41,  2.51it/s]
PartitionExplainer explainer:  20%|█▉        | 394/2000 [02:30<10:21,  2.58it/s]
PartitionExplainer explainer:  20%|█▉        | 395/2000 [02:31<09:55,  2.70it/s]
PartitionExplainer explainer:  20%|█▉        | 396/2000 [02:31<09:25,  2.84it/s]
PartitionExplainer explainer:  20%|█▉        | 397/2000 [02:31<08:55,  2.99it/s]
PartitionExplainer explainer:  20%|█▉        | 398/2000 [02:31<08:24,  3.17it/s]
PartitionExplainer explainer:  20%|█▉        | 399/2000 [02:32<07:34,  3.52it/s]
PartitionExplainer explainer:  20%|██        | 400/2000 [02:32<07:10,  3.71it/s]
PartitionExplainer explainer:  20%|██        | 401/2000 [02:32<06:18,  4.22it/s]
PartitionExplainer explainer:  20%|██        | 402/2000 [02:32<05:42,  4.67it/s]
PartitionExplainer explainer:  20%|██        | 403/2000 [02:32<05:17,  5.03it/s]
PartitionExplainer explainer:  20%|██        | 404/2000 [02:32<05:00,  5.32it/s]
PartitionExplainer explainer:  20%|██        | 405/2000 [02:33<04:47,  5.55it/s]
PartitionExplainer explainer:  20%|██        | 406/2000 [02:33<04:47,  5.54it/s]
PartitionExplainer explainer:  20%|██        | 407/2000 [02:33<04:59,  5.32it/s]
PartitionExplainer explainer:  20%|██        | 408/2000 [02:33<05:07,  5.17it/s]
PartitionExplainer explainer:  20%|██        | 409/2000 [02:33<05:25,  4.88it/s]
PartitionExplainer explainer:  20%|██        | 410/2000 [02:34<06:01,  4.39it/s]
PartitionExplainer explainer:  21%|██        | 411/2000 [02:34<06:06,  4.33it/s]
PartitionExplainer explainer:  21%|██        | 412/2000 [02:34<05:53,  4.49it/s]
PartitionExplainer explainer:  21%|██        | 413/2000 [02:34<06:05,  4.34it/s]
PartitionExplainer explainer:  21%|██        | 414/2000 [02:35<08:20,  3.17it/s]
PartitionExplainer explainer:  21%|██        | 415/2000 [02:36<10:57,  2.41it/s]
PartitionExplainer explainer:  21%|██        | 416/2000 [02:36<12:40,  2.08it/s]
PartitionExplainer explainer:  21%|██        | 417/2000 [02:37<13:06,  2.01it/s]
PartitionExplainer explainer:  21%|██        | 418/2000 [02:37<13:25,  1.96it/s]
PartitionExplainer explainer:  21%|██        | 419/2000 [02:38<13:36,  1.94it/s]
PartitionExplainer explainer:  21%|██        | 420/2000 [02:38<13:42,  1.92it/s]
PartitionExplainer explainer:  21%|██        | 421/2000 [02:39<14:13,  1.85it/s]
PartitionExplainer explainer:  21%|██        | 422/2000 [02:40<14:56,  1.76it/s]
PartitionExplainer explainer:  21%|██        | 423/2000 [02:40<15:46,  1.67it/s]
PartitionExplainer explainer:  21%|██        | 424/2000 [02:41<13:18,  1.97it/s]
PartitionExplainer explainer:  21%|██▏       | 425/2000 [02:41<10:53,  2.41it/s]
PartitionExplainer explainer:  21%|██▏       | 426/2000 [02:41<10:11,  2.58it/s]
PartitionExplainer explainer:  21%|██▏       | 427/2000 [02:41<09:13,  2.84it/s]
PartitionExplainer explainer:  21%|██▏       | 428/2000 [02:42<08:48,  2.98it/s]
PartitionExplainer explainer:  21%|██▏       | 429/2000 [02:42<07:55,  3.30it/s]
PartitionExplainer explainer:  22%|██▏       | 430/2000 [02:42<07:08,  3.66it/s]
PartitionExplainer explainer:  22%|██▏       | 431/2000 [02:42<06:26,  4.05it/s]
PartitionExplainer explainer:  22%|██▏       | 432/2000 [02:43<06:21,  4.11it/s]
PartitionExplainer explainer:  22%|██▏       | 433/2000 [02:43<06:06,  4.27it/s]
PartitionExplainer explainer:  22%|██▏       | 434/2000 [02:43<06:06,  4.27it/s]
PartitionExplainer explainer:  22%|██▏       | 435/2000 [02:43<06:18,  4.13it/s]
PartitionExplainer explainer:  22%|██▏       | 436/2000 [02:44<06:54,  3.77it/s]
PartitionExplainer explainer:  22%|██▏       | 437/2000 [02:44<07:15,  3.59it/s]
PartitionExplainer explainer:  22%|██▏       | 438/2000 [02:44<07:20,  3.54it/s]
PartitionExplainer explainer:  22%|██▏       | 439/2000 [02:44<07:24,  3.51it/s]
PartitionExplainer explainer:  22%|██▏       | 440/2000 [02:45<07:27,  3.48it/s]
PartitionExplainer explainer:  22%|██▏       | 441/2000 [02:45<07:30,  3.46it/s]
PartitionExplainer explainer:  22%|██▏       | 442/2000 [02:45<07:21,  3.53it/s]
PartitionExplainer explainer:  22%|██▏       | 443/2000 [02:46<09:54,  2.62it/s]
PartitionExplainer explainer:  22%|██▏       | 444/2000 [02:46<11:30,  2.25it/s]
PartitionExplainer explainer:  22%|██▏       | 445/2000 [02:47<12:36,  2.06it/s]
PartitionExplainer explainer:  22%|██▏       | 446/2000 [02:47<11:14,  2.30it/s]
PartitionExplainer explainer:  22%|██▏       | 447/2000 [02:48<11:01,  2.35it/s]
PartitionExplainer explainer:  22%|██▏       | 448/2000 [02:48<10:34,  2.44it/s]
PartitionExplainer explainer:  22%|██▏       | 449/2000 [02:49<12:32,  2.06it/s]
PartitionExplainer explainer:  22%|██▎       | 450/2000 [02:49<13:19,  1.94it/s]
PartitionExplainer explainer:  23%|██▎       | 451/2000 [02:50<13:42,  1.88it/s]
PartitionExplainer explainer:  23%|██▎       | 452/2000 [02:51<13:48,  1.87it/s]
PartitionExplainer explainer:  23%|██▎       | 453/2000 [02:51<11:45,  2.19it/s]
PartitionExplainer explainer:  23%|██▎       | 454/2000 [02:51<10:08,  2.54it/s]
PartitionExplainer explainer:  23%|██▎       | 455/2000 [02:51<08:59,  2.86it/s]
PartitionExplainer explainer:  23%|██▎       | 456/2000 [02:51<07:51,  3.27it/s]
PartitionExplainer explainer:  23%|██▎       | 457/2000 [02:52<07:08,  3.60it/s]
PartitionExplainer explainer:  23%|██▎       | 458/2000 [02:52<06:48,  3.77it/s]
PartitionExplainer explainer:  23%|██▎       | 459/2000 [02:52<07:17,  3.52it/s]
PartitionExplainer explainer:  23%|██▎       | 460/2000 [02:53<07:11,  3.57it/s]
PartitionExplainer explainer:  23%|██▎       | 461/2000 [02:53<07:20,  3.49it/s]
PartitionExplainer explainer:  23%|██▎       | 462/2000 [02:53<07:22,  3.47it/s]
PartitionExplainer explainer:  23%|██▎       | 463/2000 [02:53<07:13,  3.54it/s]
PartitionExplainer explainer:  23%|██▎       | 464/2000 [02:54<06:55,  3.69it/s]
PartitionExplainer explainer:  23%|██▎       | 465/2000 [02:54<06:58,  3.67it/s]
PartitionExplainer explainer:  23%|██▎       | 466/2000 [02:54<06:58,  3.66it/s]
PartitionExplainer explainer:  23%|██▎       | 467/2000 [02:54<07:10,  3.56it/s]
PartitionExplainer explainer:  23%|██▎       | 468/2000 [02:55<07:32,  3.38it/s]
PartitionExplainer explainer:  23%|██▎       | 469/2000 [02:55<08:34,  2.97it/s]
PartitionExplainer explainer:  24%|██▎       | 470/2000 [02:56<09:01,  2.82it/s]
PartitionExplainer explainer:  24%|██▎       | 471/2000 [02:56<09:16,  2.75it/s]
PartitionExplainer explainer:  24%|██▎       | 472/2000 [02:56<08:12,  3.10it/s]
PartitionExplainer explainer:  24%|██▎       | 473/2000 [02:56<07:17,  3.49it/s]
PartitionExplainer explainer:  24%|██▎       | 474/2000 [02:57<06:27,  3.94it/s]
PartitionExplainer explainer:  24%|██▍       | 475/2000 [02:57<06:06,  4.16it/s]
PartitionExplainer explainer:  24%|██▍       | 476/2000 [02:57<05:45,  4.41it/s]
PartitionExplainer explainer:  24%|██▍       | 477/2000 [02:57<05:59,  4.24it/s]
PartitionExplainer explainer:  24%|██▍       | 478/2000 [02:58<06:16,  4.04it/s]
PartitionExplainer explainer:  24%|██▍       | 479/2000 [02:58<05:44,  4.41it/s]
PartitionExplainer explainer:  24%|██▍       | 480/2000 [02:58<05:22,  4.72it/s]
PartitionExplainer explainer:  24%|██▍       | 481/2000 [02:58<05:06,  4.96it/s]
PartitionExplainer explainer:  24%|██▍       | 482/2000 [02:58<04:55,  5.14it/s]
PartitionExplainer explainer:  24%|██▍       | 483/2000 [02:58<04:49,  5.24it/s]
PartitionExplainer explainer:  24%|██▍       | 484/2000 [02:59<04:43,  5.35it/s]
PartitionExplainer explainer:  24%|██▍       | 485/2000 [02:59<04:39,  5.42it/s]
PartitionExplainer explainer:  24%|██▍       | 486/2000 [02:59<04:36,  5.47it/s]
PartitionExplainer explainer:  24%|██▍       | 487/2000 [02:59<04:40,  5.39it/s]
PartitionExplainer explainer:  24%|██▍       | 488/2000 [02:59<04:33,  5.54it/s]
PartitionExplainer explainer:  24%|██▍       | 489/2000 [03:00<04:31,  5.56it/s]
PartitionExplainer explainer:  24%|██▍       | 490/2000 [03:00<04:31,  5.57it/s]
PartitionExplainer explainer:  25%|██▍       | 491/2000 [03:00<04:51,  5.18it/s]
PartitionExplainer explainer:  25%|██▍       | 492/2000 [03:00<06:28,  3.88it/s]
PartitionExplainer explainer:  25%|██▍       | 493/2000 [03:01<07:20,  3.42it/s]
PartitionExplainer explainer:  25%|██▍       | 494/2000 [03:01<07:44,  3.24it/s]
PartitionExplainer explainer:  25%|██▍       | 495/2000 [03:01<07:25,  3.38it/s]
PartitionExplainer explainer:  25%|██▍       | 496/2000 [03:02<07:01,  3.57it/s]
PartitionExplainer explainer:  25%|██▍       | 497/2000 [03:02<06:35,  3.80it/s]
PartitionExplainer explainer:  25%|██▍       | 498/2000 [03:02<06:17,  3.97it/s]
PartitionExplainer explainer:  25%|██▍       | 499/2000 [03:02<05:51,  4.28it/s]
PartitionExplainer explainer:  25%|██▌       | 500/2000 [03:03<07:31,  3.32it/s]
PartitionExplainer explainer:  25%|██▌       | 501/2000 [03:03<08:39,  2.89it/s]
PartitionExplainer explainer:  25%|██▌       | 502/2000 [03:03<08:34,  2.91it/s]
PartitionExplainer explainer:  25%|██▌       | 503/2000 [03:04<08:01,  3.11it/s]
PartitionExplainer explainer:  25%|██▌       | 504/2000 [03:04<07:27,  3.34it/s]
PartitionExplainer explainer:  25%|██▌       | 505/2000 [03:04<07:03,  3.53it/s]
PartitionExplainer explainer:  25%|██▌       | 506/2000 [03:05<07:12,  3.46it/s]
PartitionExplainer explainer:  25%|██▌       | 507/2000 [03:05<07:37,  3.26it/s]
PartitionExplainer explainer:  25%|██▌       | 508/2000 [03:06<10:03,  2.47it/s]
PartitionExplainer explainer:  25%|██▌       | 509/2000 [03:06<11:15,  2.21it/s]
PartitionExplainer explainer:  26%|██▌       | 510/2000 [03:07<11:15,  2.21it/s]
PartitionExplainer explainer:  26%|██▌       | 511/2000 [03:07<11:49,  2.10it/s]
PartitionExplainer explainer:  26%|██▌       | 512/2000 [03:08<12:11,  2.03it/s]
PartitionExplainer explainer:  26%|██▌       | 513/2000 [03:08<11:49,  2.10it/s]
PartitionExplainer explainer:  26%|██▌       | 514/2000 [03:08<11:03,  2.24it/s]
PartitionExplainer explainer:  26%|██▌       | 515/2000 [03:09<10:02,  2.47it/s]
PartitionExplainer explainer:  26%|██▌       | 516/2000 [03:09<12:12,  2.03it/s]
PartitionExplainer explainer:  26%|██▌       | 517/2000 [03:10<13:46,  1.79it/s]
PartitionExplainer explainer:  26%|██▌       | 518/2000 [03:11<14:49,  1.67it/s]
PartitionExplainer explainer:  26%|██▌       | 519/2000 [03:12<15:30,  1.59it/s]
PartitionExplainer explainer:  26%|██▌       | 520/2000 [03:12<16:00,  1.54it/s]
PartitionExplainer explainer:  26%|██▌       | 521/2000 [03:13<14:26,  1.71it/s]
PartitionExplainer explainer:  26%|██▌       | 522/2000 [03:13<12:12,  2.02it/s]
PartitionExplainer explainer:  26%|██▌       | 523/2000 [03:13<10:39,  2.31it/s]
PartitionExplainer explainer:  26%|██▌       | 524/2000 [03:14<09:49,  2.51it/s]
PartitionExplainer explainer:  26%|██▋       | 525/2000 [03:14<10:38,  2.31it/s]
PartitionExplainer explainer:  26%|██▋       | 526/2000 [03:14<08:59,  2.73it/s]
PartitionExplainer explainer:  26%|██▋       | 527/2000 [03:14<07:43,  3.18it/s]
PartitionExplainer explainer:  26%|██▋       | 528/2000 [03:15<06:43,  3.65it/s]
PartitionExplainer explainer:  26%|██▋       | 529/2000 [03:15<06:40,  3.67it/s]
PartitionExplainer explainer:  26%|██▋       | 530/2000 [03:15<06:49,  3.59it/s]
PartitionExplainer explainer:  27%|██▋       | 531/2000 [03:16<09:01,  2.71it/s]
PartitionExplainer explainer:  27%|██▋       | 532/2000 [03:16<10:36,  2.31it/s]
PartitionExplainer explainer:  27%|██▋       | 533/2000 [03:17<11:44,  2.08it/s]
PartitionExplainer explainer:  27%|██▋       | 534/2000 [03:18<12:42,  1.92it/s]
PartitionExplainer explainer:  27%|██▋       | 535/2000 [03:18<13:05,  1.87it/s]
PartitionExplainer explainer:  27%|██▋       | 536/2000 [03:19<12:47,  1.91it/s]
PartitionExplainer explainer:  27%|██▋       | 537/2000 [03:19<12:25,  1.96it/s]
PartitionExplainer explainer:  27%|██▋       | 538/2000 [03:19<11:23,  2.14it/s]
PartitionExplainer explainer:  27%|██▋       | 539/2000 [03:20<10:10,  2.39it/s]
PartitionExplainer explainer:  27%|██▋       | 540/2000 [03:20<11:04,  2.20it/s]
PartitionExplainer explainer:  27%|██▋       | 541/2000 [03:21<11:15,  2.16it/s]
PartitionExplainer explainer:  27%|██▋       | 542/2000 [03:21<11:24,  2.13it/s]
PartitionExplainer explainer:  27%|██▋       | 543/2000 [03:22<11:37,  2.09it/s]
PartitionExplainer explainer:  27%|██▋       | 544/2000 [03:22<12:01,  2.02it/s]
PartitionExplainer explainer:  27%|██▋       | 545/2000 [03:23<11:20,  2.14it/s]
PartitionExplainer explainer:  27%|██▋       | 546/2000 [03:23<10:39,  2.27it/s]
PartitionExplainer explainer:  27%|██▋       | 547/2000 [03:23<10:12,  2.37it/s]
PartitionExplainer explainer:  27%|██▋       | 548/2000 [03:24<12:12,  1.98it/s]
PartitionExplainer explainer:  27%|██▋       | 549/2000 [03:25<13:34,  1.78it/s]
PartitionExplainer explainer:  28%|██▊       | 550/2000 [03:25<12:40,  1.91it/s]
PartitionExplainer explainer:  28%|██▊       | 551/2000 [03:26<11:37,  2.08it/s]
PartitionExplainer explainer:  28%|██▊       | 552/2000 [03:26<10:24,  2.32it/s]
PartitionExplainer explainer:  28%|██▊       | 553/2000 [03:26<09:23,  2.57it/s]
PartitionExplainer explainer:  28%|██▊       | 554/2000 [03:27<08:33,  2.82it/s]
PartitionExplainer explainer:  28%|██▊       | 555/2000 [03:27<07:26,  3.23it/s]
PartitionExplainer explainer:  28%|██▊       | 556/2000 [03:27<06:54,  3.49it/s]
PartitionExplainer explainer:  28%|██▊       | 557/2000 [03:28<09:04,  2.65it/s]
PartitionExplainer explainer:  28%|██▊       | 558/2000 [03:28<08:15,  2.91it/s]
PartitionExplainer explainer:  28%|██▊       | 559/2000 [03:28<07:55,  3.03it/s]
PartitionExplainer explainer:  28%|██▊       | 560/2000 [03:28<07:10,  3.35it/s]
PartitionExplainer explainer:  28%|██▊       | 561/2000 [03:29<06:27,  3.71it/s]
PartitionExplainer explainer:  28%|██▊       | 562/2000 [03:29<05:50,  4.11it/s]
PartitionExplainer explainer:  28%|██▊       | 563/2000 [03:29<05:35,  4.28it/s]
PartitionExplainer explainer:  28%|██▊       | 564/2000 [03:29<05:54,  4.05it/s]
PartitionExplainer explainer:  28%|██▊       | 565/2000 [03:30<06:08,  3.89it/s]
PartitionExplainer explainer:  28%|██▊       | 566/2000 [03:30<06:47,  3.52it/s]
PartitionExplainer explainer:  28%|██▊       | 567/2000 [03:30<07:51,  3.04it/s]
PartitionExplainer explainer:  28%|██▊       | 568/2000 [03:31<08:39,  2.76it/s]
PartitionExplainer explainer:  28%|██▊       | 569/2000 [03:31<08:43,  2.73it/s]
PartitionExplainer explainer:  28%|██▊       | 570/2000 [03:31<08:39,  2.76it/s]
PartitionExplainer explainer:  29%|██▊       | 571/2000 [03:32<08:48,  2.70it/s]
PartitionExplainer explainer:  29%|██▊       | 572/2000 [03:32<08:42,  2.73it/s]
PartitionExplainer explainer:  29%|██▊       | 573/2000 [03:33<08:37,  2.76it/s]
PartitionExplainer explainer:  29%|██▊       | 574/2000 [03:33<08:26,  2.81it/s]
PartitionExplainer explainer:  29%|██▉       | 575/2000 [03:33<08:29,  2.80it/s]
PartitionExplainer explainer:  29%|██▉       | 576/2000 [03:34<08:31,  2.78it/s]
PartitionExplainer explainer:  29%|██▉       | 577/2000 [03:34<08:06,  2.92it/s]
PartitionExplainer explainer:  29%|██▉       | 578/2000 [03:34<07:20,  3.23it/s]
PartitionExplainer explainer:  29%|██▉       | 579/2000 [03:34<06:47,  3.49it/s]
PartitionExplainer explainer:  29%|██▉       | 580/2000 [03:35<06:52,  3.45it/s]
PartitionExplainer explainer:  29%|██▉       | 581/2000 [03:35<08:20,  2.84it/s]
PartitionExplainer explainer:  29%|██▉       | 582/2000 [03:36<08:11,  2.89it/s]
PartitionExplainer explainer:  29%|██▉       | 583/2000 [03:36<07:51,  3.00it/s]
PartitionExplainer explainer:  29%|██▉       | 584/2000 [03:36<07:44,  3.05it/s]
PartitionExplainer explainer:  29%|██▉       | 585/2000 [03:36<07:08,  3.30it/s]
PartitionExplainer explainer:  29%|██▉       | 586/2000 [03:37<07:35,  3.11it/s]
PartitionExplainer explainer:  29%|██▉       | 587/2000 [03:37<07:50,  3.00it/s]
PartitionExplainer explainer:  29%|██▉       | 588/2000 [03:38<08:22,  2.81it/s]
PartitionExplainer explainer:  29%|██▉       | 589/2000 [03:38<08:30,  2.76it/s]
PartitionExplainer explainer:  30%|██▉       | 590/2000 [03:38<08:21,  2.81it/s]
PartitionExplainer explainer:  30%|██▉       | 591/2000 [03:38<07:17,  3.22it/s]
PartitionExplainer explainer:  30%|██▉       | 592/2000 [03:39<06:56,  3.38it/s]
PartitionExplainer explainer:  30%|██▉       | 593/2000 [03:39<08:44,  2.68it/s]
PartitionExplainer explainer:  30%|██▉       | 594/2000 [03:40<09:25,  2.49it/s]
PartitionExplainer explainer:  30%|██▉       | 595/2000 [03:40<09:23,  2.49it/s]
PartitionExplainer explainer:  30%|██▉       | 596/2000 [03:41<09:01,  2.60it/s]
PartitionExplainer explainer:  30%|██▉       | 597/2000 [03:41<09:22,  2.49it/s]
PartitionExplainer explainer:  30%|██▉       | 598/2000 [03:41<08:39,  2.70it/s]
PartitionExplainer explainer:  30%|██▉       | 599/2000 [03:42<08:22,  2.79it/s]
PartitionExplainer explainer:  30%|███       | 600/2000 [03:42<08:00,  2.91it/s]
PartitionExplainer explainer:  30%|███       | 601/2000 [03:42<07:55,  2.94it/s]
PartitionExplainer explainer:  30%|███       | 602/2000 [03:43<07:37,  3.06it/s]
PartitionExplainer explainer:  30%|███       | 603/2000 [03:43<06:47,  3.42it/s]
PartitionExplainer explainer:  30%|███       | 604/2000 [03:43<06:07,  3.80it/s]
PartitionExplainer explainer:  30%|███       | 605/2000 [03:43<05:46,  4.02it/s]
PartitionExplainer explainer:  30%|███       | 606/2000 [03:43<05:42,  4.07it/s]
PartitionExplainer explainer:  30%|███       | 607/2000 [03:44<05:07,  4.52it/s]
PartitionExplainer explainer:  30%|███       | 608/2000 [03:44<04:43,  4.91it/s]
PartitionExplainer explainer:  30%|███       | 609/2000 [03:44<04:25,  5.23it/s]
PartitionExplainer explainer:  30%|███       | 610/2000 [03:44<04:15,  5.45it/s]
PartitionExplainer explainer:  31%|███       | 611/2000 [03:44<05:16,  4.39it/s]
PartitionExplainer explainer:  31%|███       | 612/2000 [03:45<05:33,  4.16it/s]
PartitionExplainer explainer:  31%|███       | 613/2000 [03:45<05:59,  3.86it/s]
PartitionExplainer explainer:  31%|███       | 614/2000 [03:45<05:49,  3.96it/s]
PartitionExplainer explainer:  31%|███       | 615/2000 [03:45<05:32,  4.16it/s]
PartitionExplainer explainer:  31%|███       | 616/2000 [03:46<05:07,  4.51it/s]
PartitionExplainer explainer:  31%|███       | 617/2000 [03:46<05:26,  4.23it/s]
PartitionExplainer explainer:  31%|███       | 618/2000 [03:46<06:59,  3.30it/s]
PartitionExplainer explainer:  31%|███       | 619/2000 [03:47<07:49,  2.94it/s]
PartitionExplainer explainer:  31%|███       | 620/2000 [03:47<08:09,  2.82it/s]
PartitionExplainer explainer:  31%|███       | 621/2000 [03:47<07:23,  3.11it/s]
PartitionExplainer explainer:  31%|███       | 622/2000 [03:48<07:04,  3.24it/s]
PartitionExplainer explainer:  31%|███       | 623/2000 [03:48<06:40,  3.44it/s]
PartitionExplainer explainer:  31%|███       | 624/2000 [03:48<06:33,  3.49it/s]
PartitionExplainer explainer:  31%|███▏      | 625/2000 [03:48<06:40,  3.44it/s]
PartitionExplainer explainer:  31%|███▏      | 626/2000 [03:49<07:09,  3.20it/s]
PartitionExplainer explainer:  31%|███▏      | 627/2000 [03:49<09:43,  2.35it/s]
PartitionExplainer explainer:  31%|███▏      | 628/2000 [03:50<09:33,  2.39it/s]
PartitionExplainer explainer:  31%|███▏      | 629/2000 [03:50<09:36,  2.38it/s]
PartitionExplainer explainer:  32%|███▏      | 630/2000 [03:51<09:30,  2.40it/s]
PartitionExplainer explainer:  32%|███▏      | 631/2000 [03:51<09:18,  2.45it/s]
PartitionExplainer explainer:  32%|███▏      | 632/2000 [03:51<08:20,  2.74it/s]
PartitionExplainer explainer:  32%|███▏      | 633/2000 [03:52<07:55,  2.88it/s]
PartitionExplainer explainer:  32%|███▏      | 634/2000 [03:52<07:40,  2.97it/s]
PartitionExplainer explainer:  32%|███▏      | 635/2000 [03:52<07:11,  3.16it/s]
PartitionExplainer explainer:  32%|███▏      | 636/2000 [03:53<07:24,  3.07it/s]
PartitionExplainer explainer:  32%|███▏      | 637/2000 [03:53<07:00,  3.24it/s]
PartitionExplainer explainer:  32%|███▏      | 638/2000 [03:53<06:34,  3.45it/s]
PartitionExplainer explainer:  32%|███▏      | 639/2000 [03:53<06:16,  3.62it/s]
PartitionExplainer explainer:  32%|███▏      | 640/2000 [03:54<06:22,  3.55it/s]
PartitionExplainer explainer:  32%|███▏      | 641/2000 [03:54<06:09,  3.68it/s]
PartitionExplainer explainer:  32%|███▏      | 642/2000 [03:54<08:00,  2.82it/s]
PartitionExplainer explainer:  32%|███▏      | 643/2000 [03:55<08:53,  2.54it/s]
PartitionExplainer explainer:  32%|███▏      | 644/2000 [03:55<08:52,  2.55it/s]
PartitionExplainer explainer:  32%|███▏      | 645/2000 [03:56<08:55,  2.53it/s]
PartitionExplainer explainer:  32%|███▏      | 646/2000 [03:56<09:20,  2.42it/s]
PartitionExplainer explainer:  32%|███▏      | 647/2000 [03:56<08:21,  2.70it/s]
PartitionExplainer explainer:  32%|███▏      | 648/2000 [03:57<07:53,  2.85it/s]
PartitionExplainer explainer:  32%|███▏      | 649/2000 [03:57<07:34,  2.97it/s]
PartitionExplainer explainer:  32%|███▎      | 650/2000 [03:58<09:55,  2.27it/s]
PartitionExplainer explainer:  33%|███▎      | 651/2000 [03:58<11:36,  1.94it/s]
PartitionExplainer explainer:  33%|███▎      | 652/2000 [03:59<10:46,  2.09it/s]
PartitionExplainer explainer:  33%|███▎      | 653/2000 [03:59<09:31,  2.36it/s]
PartitionExplainer explainer:  33%|███▎      | 654/2000 [04:00<09:24,  2.38it/s]
PartitionExplainer explainer:  33%|███▎      | 655/2000 [04:00<08:13,  2.72it/s]
PartitionExplainer explainer:  33%|███▎      | 656/2000 [04:00<07:36,  2.94it/s]
PartitionExplainer explainer:  33%|███▎      | 657/2000 [04:00<07:03,  3.17it/s]
PartitionExplainer explainer:  33%|███▎      | 658/2000 [04:01<07:07,  3.14it/s]
PartitionExplainer explainer:  33%|███▎      | 659/2000 [04:01<07:18,  3.06it/s]
PartitionExplainer explainer:  33%|███▎      | 660/2000 [04:01<06:50,  3.26it/s]
PartitionExplainer explainer:  33%|███▎      | 661/2000 [04:02<06:30,  3.43it/s]
PartitionExplainer explainer:  33%|███▎      | 662/2000 [04:02<06:24,  3.48it/s]
PartitionExplainer explainer:  33%|███▎      | 663/2000 [04:02<06:19,  3.52it/s]
PartitionExplainer explainer:  33%|███▎      | 664/2000 [04:02<05:37,  3.96it/s]
PartitionExplainer explainer:  33%|███▎      | 665/2000 [04:02<05:07,  4.34it/s]
PartitionExplainer explainer:  33%|███▎      | 666/2000 [04:03<06:03,  3.67it/s]
PartitionExplainer explainer:  33%|███▎      | 667/2000 [04:03<06:27,  3.44it/s]
PartitionExplainer explainer:  33%|███▎      | 668/2000 [04:03<06:31,  3.40it/s]
PartitionExplainer explainer:  33%|███▎      | 669/2000 [04:04<06:05,  3.65it/s]
PartitionExplainer explainer:  34%|███▎      | 670/2000 [04:04<05:37,  3.94it/s]
PartitionExplainer explainer:  34%|███▎      | 671/2000 [04:04<05:07,  4.32it/s]
PartitionExplainer explainer:  34%|███▎      | 672/2000 [04:04<05:00,  4.42it/s]
PartitionExplainer explainer:  34%|███▎      | 673/2000 [04:04<04:47,  4.62it/s]
PartitionExplainer explainer:  34%|███▎      | 674/2000 [04:05<05:04,  4.35it/s]
PartitionExplainer explainer:  34%|███▍      | 675/2000 [04:05<05:17,  4.18it/s]
PartitionExplainer explainer:  34%|███▍      | 676/2000 [04:05<04:49,  4.57it/s]
PartitionExplainer explainer:  34%|███▍      | 677/2000 [04:05<04:34,  4.82it/s]
PartitionExplainer explainer:  34%|███▍      | 678/2000 [04:05<04:15,  5.17it/s]
PartitionExplainer explainer:  34%|███▍      | 679/2000 [04:06<04:14,  5.18it/s]
PartitionExplainer explainer:  34%|███▍      | 680/2000 [04:06<04:05,  5.38it/s]
PartitionExplainer explainer:  34%|███▍      | 681/2000 [04:06<03:58,  5.53it/s]
PartitionExplainer explainer:  34%|███▍      | 682/2000 [04:06<03:50,  5.72it/s]
PartitionExplainer explainer:  34%|███▍      | 683/2000 [04:06<03:44,  5.87it/s]
PartitionExplainer explainer:  34%|███▍      | 684/2000 [04:07<03:40,  5.97it/s]
PartitionExplainer explainer:  34%|███▍      | 685/2000 [04:07<03:37,  6.05it/s]
PartitionExplainer explainer:  34%|███▍      | 686/2000 [04:07<03:34,  6.11it/s]
PartitionExplainer explainer:  34%|███▍      | 687/2000 [04:07<03:33,  6.16it/s]
PartitionExplainer explainer:  34%|███▍      | 688/2000 [04:07<03:31,  6.20it/s]
PartitionExplainer explainer:  34%|███▍      | 689/2000 [04:07<03:48,  5.74it/s]
PartitionExplainer explainer:  34%|███▍      | 690/2000 [04:08<03:59,  5.47it/s]
PartitionExplainer explainer:  35%|███▍      | 691/2000 [04:08<05:48,  3.76it/s]
PartitionExplainer explainer:  35%|███▍      | 692/2000 [04:08<06:31,  3.34it/s]
PartitionExplainer explainer:  35%|███▍      | 693/2000 [04:09<06:49,  3.19it/s]
PartitionExplainer explainer:  35%|███▍      | 694/2000 [04:09<06:42,  3.24it/s]
PartitionExplainer explainer:  35%|███▍      | 695/2000 [04:09<06:53,  3.16it/s]
PartitionExplainer explainer:  35%|███▍      | 696/2000 [04:10<06:34,  3.30it/s]
PartitionExplainer explainer:  35%|███▍      | 697/2000 [04:10<06:49,  3.19it/s]
PartitionExplainer explainer:  35%|███▍      | 698/2000 [04:10<06:47,  3.19it/s]
PartitionExplainer explainer:  35%|███▍      | 699/2000 [04:11<09:16,  2.34it/s]
PartitionExplainer explainer:  35%|███▌      | 700/2000 [04:12<11:01,  1.97it/s]
PartitionExplainer explainer:  35%|███▌      | 701/2000 [04:12<10:37,  2.04it/s]
PartitionExplainer explainer:  35%|███▌      | 702/2000 [04:13<10:11,  2.12it/s]
PartitionExplainer explainer:  35%|███▌      | 703/2000 [04:13<10:12,  2.12it/s]
PartitionExplainer explainer:  35%|███▌      | 704/2000 [04:14<10:10,  2.12it/s]
PartitionExplainer explainer:  35%|███▌      | 705/2000 [04:14<09:57,  2.17it/s]
PartitionExplainer explainer:  35%|███▌      | 706/2000 [04:15<10:46,  2.00it/s]
PartitionExplainer explainer:  35%|███▌      | 707/2000 [04:15<10:27,  2.06it/s]
PartitionExplainer explainer:  35%|███▌      | 708/2000 [04:15<10:13,  2.11it/s]
PartitionExplainer explainer:  35%|███▌      | 709/2000 [04:16<08:36,  2.50it/s]
PartitionExplainer explainer:  36%|███▌      | 710/2000 [04:16<07:21,  2.92it/s]
PartitionExplainer explainer:  36%|███▌      | 711/2000 [04:16<06:18,  3.41it/s]
PartitionExplainer explainer:  36%|███▌      | 712/2000 [04:16<05:46,  3.72it/s]
PartitionExplainer explainer:  36%|███▌      | 713/2000 [04:16<05:32,  3.87it/s]
PartitionExplainer explainer:  36%|███▌      | 714/2000 [04:17<05:32,  3.87it/s]
PartitionExplainer explainer:  36%|███▌      | 715/2000 [04:17<05:32,  3.87it/s]
PartitionExplainer explainer:  36%|███▌      | 716/2000 [04:17<05:01,  4.26it/s]
PartitionExplainer explainer:  36%|███▌      | 717/2000 [04:17<04:33,  4.70it/s]
PartitionExplainer explainer:  36%|███▌      | 718/2000 [04:18<04:25,  4.83it/s]
PartitionExplainer explainer:  36%|███▌      | 719/2000 [04:18<04:10,  5.11it/s]
PartitionExplainer explainer:  36%|███▌      | 720/2000 [04:18<04:00,  5.33it/s]
PartitionExplainer explainer:  36%|███▌      | 721/2000 [04:18<03:49,  5.57it/s]
PartitionExplainer explainer:  36%|███▌      | 722/2000 [04:18<05:01,  4.24it/s]
PartitionExplainer explainer:  36%|███▌      | 723/2000 [04:19<05:13,  4.08it/s]
PartitionExplainer explainer:  36%|███▌      | 724/2000 [04:19<05:33,  3.82it/s]
PartitionExplainer explainer:  36%|███▋      | 725/2000 [04:19<05:19,  3.99it/s]
PartitionExplainer explainer:  36%|███▋      | 726/2000 [04:19<05:01,  4.23it/s]
PartitionExplainer explainer:  36%|███▋      | 727/2000 [04:20<04:39,  4.55it/s]
PartitionExplainer explainer:  36%|███▋      | 728/2000 [04:20<04:36,  4.60it/s]
PartitionExplainer explainer:  36%|███▋      | 729/2000 [04:20<04:27,  4.74it/s]
PartitionExplainer explainer:  36%|███▋      | 730/2000 [04:20<04:28,  4.72it/s]
PartitionExplainer explainer:  37%|███▋      | 731/2000 [04:20<04:38,  4.56it/s]
PartitionExplainer explainer:  37%|███▋      | 732/2000 [04:21<05:22,  3.93it/s]
PartitionExplainer explainer:  37%|███▋      | 733/2000 [04:21<05:44,  3.68it/s]
PartitionExplainer explainer:  37%|███▋      | 734/2000 [04:22<06:37,  3.18it/s]
PartitionExplainer explainer:  37%|███▋      | 735/2000 [04:22<08:16,  2.55it/s]
PartitionExplainer explainer:  37%|███▋      | 736/2000 [04:23<08:58,  2.35it/s]
PartitionExplainer explainer:  37%|███▋      | 737/2000 [04:23<09:12,  2.29it/s]
PartitionExplainer explainer:  37%|███▋      | 738/2000 [04:23<08:58,  2.35it/s]
PartitionExplainer explainer:  37%|███▋      | 739/2000 [04:24<08:57,  2.35it/s]
PartitionExplainer explainer:  37%|███▋      | 740/2000 [04:24<08:47,  2.39it/s]
PartitionExplainer explainer:  37%|███▋      | 741/2000 [04:25<08:23,  2.50it/s]
PartitionExplainer explainer:  37%|███▋      | 742/2000 [04:25<07:12,  2.91it/s]
PartitionExplainer explainer:  37%|███▋      | 743/2000 [04:25<08:45,  2.39it/s]
PartitionExplainer explainer:  37%|███▋      | 744/2000 [04:26<08:08,  2.57it/s]
PartitionExplainer explainer:  37%|███▋      | 745/2000 [04:26<07:54,  2.65it/s]
PartitionExplainer explainer:  37%|███▋      | 746/2000 [04:26<07:20,  2.85it/s]
PartitionExplainer explainer:  37%|███▋      | 747/2000 [04:27<06:47,  3.08it/s]
PartitionExplainer explainer:  37%|███▋      | 748/2000 [04:27<06:24,  3.25it/s]
PartitionExplainer explainer:  37%|███▋      | 749/2000 [04:27<06:29,  3.21it/s]
PartitionExplainer explainer:  38%|███▊      | 750/2000 [04:28<06:33,  3.18it/s]
PartitionExplainer explainer:  38%|███▊      | 751/2000 [04:28<06:42,  3.10it/s]
PartitionExplainer explainer:  38%|███▊      | 752/2000 [04:28<06:58,  2.98it/s]
PartitionExplainer explainer:  38%|███▊      | 753/2000 [04:29<06:32,  3.17it/s]
PartitionExplainer explainer:  38%|███▊      | 754/2000 [04:29<05:34,  3.72it/s]
PartitionExplainer explainer:  38%|███▊      | 755/2000 [04:29<04:53,  4.24it/s]
PartitionExplainer explainer:  38%|███▊      | 756/2000 [04:29<05:02,  4.11it/s]
PartitionExplainer explainer:  38%|███▊      | 757/2000 [04:29<04:56,  4.20it/s]
PartitionExplainer explainer:  38%|███▊      | 758/2000 [04:30<05:54,  3.50it/s]
PartitionExplainer explainer:  38%|███▊      | 759/2000 [04:30<07:05,  2.92it/s]
PartitionExplainer explainer:  38%|███▊      | 760/2000 [04:31<07:25,  2.78it/s]
PartitionExplainer explainer:  38%|███▊      | 761/2000 [04:31<07:41,  2.69it/s]
PartitionExplainer explainer:  38%|███▊      | 762/2000 [04:31<07:52,  2.62it/s]
PartitionExplainer explainer:  38%|███▊      | 763/2000 [04:32<08:07,  2.54it/s]
PartitionExplainer explainer:  38%|███▊      | 764/2000 [04:32<08:10,  2.52it/s]
PartitionExplainer explainer:  38%|███▊      | 765/2000 [04:33<09:59,  2.06it/s]
PartitionExplainer explainer:  38%|███▊      | 766/2000 [04:34<11:16,  1.82it/s]
PartitionExplainer explainer:  38%|███▊      | 767/2000 [04:34<12:11,  1.69it/s]
PartitionExplainer explainer:  38%|███▊      | 768/2000 [04:35<11:57,  1.72it/s]
PartitionExplainer explainer:  38%|███▊      | 769/2000 [04:35<11:06,  1.85it/s]
PartitionExplainer explainer:  38%|███▊      | 770/2000 [04:36<10:04,  2.03it/s]
PartitionExplainer explainer:  39%|███▊      | 771/2000 [04:36<09:00,  2.27it/s]
PartitionExplainer explainer:  39%|███▊      | 772/2000 [04:36<08:16,  2.47it/s]
PartitionExplainer explainer:  39%|███▊      | 773/2000 [04:37<07:52,  2.60it/s]
PartitionExplainer explainer:  39%|███▊      | 774/2000 [04:37<07:43,  2.64it/s]
PartitionExplainer explainer:  39%|███▉      | 775/2000 [04:38<08:18,  2.46it/s]
PartitionExplainer explainer:  39%|███▉      | 776/2000 [04:38<08:29,  2.40it/s]
PartitionExplainer explainer:  39%|███▉      | 777/2000 [04:38<08:59,  2.27it/s]
PartitionExplainer explainer:  39%|███▉      | 778/2000 [04:39<08:05,  2.52it/s]
PartitionExplainer explainer:  39%|███▉      | 779/2000 [04:39<07:18,  2.78it/s]
PartitionExplainer explainer:  39%|███▉      | 780/2000 [04:39<06:37,  3.07it/s]
PartitionExplainer explainer:  39%|███▉      | 781/2000 [04:40<07:49,  2.59it/s]
PartitionExplainer explainer:  39%|███▉      | 782/2000 [04:40<08:31,  2.38it/s]
PartitionExplainer explainer:  39%|███▉      | 783/2000 [04:41<08:59,  2.26it/s]
PartitionExplainer explainer:  39%|███▉      | 784/2000 [04:41<09:16,  2.18it/s]
PartitionExplainer explainer:  39%|███▉      | 785/2000 [04:42<08:17,  2.44it/s]
PartitionExplainer explainer:  39%|███▉      | 786/2000 [04:42<07:36,  2.66it/s]
PartitionExplainer explainer:  39%|███▉      | 787/2000 [04:42<06:37,  3.05it/s]
PartitionExplainer explainer:  39%|███▉      | 788/2000 [04:42<05:48,  3.47it/s]
PartitionExplainer explainer:  39%|███▉      | 789/2000 [04:43<05:21,  3.77it/s]
PartitionExplainer explainer:  40%|███▉      | 790/2000 [04:43<05:10,  3.89it/s]
PartitionExplainer explainer:  40%|███▉      | 791/2000 [04:43<05:38,  3.57it/s]
PartitionExplainer explainer:  40%|███▉      | 792/2000 [04:43<05:34,  3.61it/s]
PartitionExplainer explainer:  40%|███▉      | 793/2000 [04:44<05:44,  3.51it/s]
PartitionExplainer explainer:  40%|███▉      | 794/2000 [04:44<05:23,  3.73it/s]
PartitionExplainer explainer:  40%|███▉      | 795/2000 [04:44<04:59,  4.02it/s]
PartitionExplainer explainer:  40%|███▉      | 796/2000 [04:44<04:35,  4.38it/s]
PartitionExplainer explainer:  40%|███▉      | 797/2000 [04:44<04:30,  4.44it/s]
PartitionExplainer explainer:  40%|███▉      | 798/2000 [04:45<04:19,  4.63it/s]
PartitionExplainer explainer:  40%|███▉      | 799/2000 [04:45<04:18,  4.65it/s]
PartitionExplainer explainer:  40%|████      | 800/2000 [04:45<04:25,  4.52it/s]
PartitionExplainer explainer:  40%|████      | 801/2000 [04:45<04:03,  4.93it/s]
PartitionExplainer explainer:  40%|████      | 802/2000 [04:45<03:47,  5.26it/s]
PartitionExplainer explainer:  40%|████      | 803/2000 [04:46<04:42,  4.24it/s]
PartitionExplainer explainer:  40%|████      | 804/2000 [04:46<05:24,  3.68it/s]
PartitionExplainer explainer:  40%|████      | 805/2000 [04:47<06:56,  2.87it/s]
PartitionExplainer explainer:  40%|████      | 806/2000 [04:47<07:39,  2.60it/s]
PartitionExplainer explainer:  40%|████      | 807/2000 [04:48<08:07,  2.45it/s]
PartitionExplainer explainer:  40%|████      | 808/2000 [04:48<08:51,  2.24it/s]
PartitionExplainer explainer:  40%|████      | 809/2000 [04:49<09:07,  2.17it/s]
PartitionExplainer explainer:  40%|████      | 810/2000 [04:49<09:51,  2.01it/s]
PartitionExplainer explainer:  41%|████      | 811/2000 [04:50<10:28,  1.89it/s]
PartitionExplainer explainer:  41%|████      | 812/2000 [04:51<11:21,  1.74it/s]
PartitionExplainer explainer:  41%|████      | 813/2000 [04:51<11:31,  1.72it/s]
PartitionExplainer explainer:  41%|████      | 814/2000 [04:52<10:32,  1.87it/s]
PartitionExplainer explainer:  41%|████      | 815/2000 [04:52<08:57,  2.21it/s]
PartitionExplainer explainer:  41%|████      | 816/2000 [04:52<07:42,  2.56it/s]
PartitionExplainer explainer:  41%|████      | 817/2000 [04:52<06:49,  2.89it/s]
PartitionExplainer explainer:  41%|████      | 818/2000 [04:53<06:32,  3.01it/s]
PartitionExplainer explainer:  41%|████      | 819/2000 [04:53<07:38,  2.57it/s]
PartitionExplainer explainer:  41%|████      | 820/2000 [04:54<08:23,  2.34it/s]
PartitionExplainer explainer:  41%|████      | 821/2000 [04:54<08:56,  2.20it/s]
PartitionExplainer explainer:  41%|████      | 822/2000 [04:55<09:56,  1.97it/s]
PartitionExplainer explainer:  41%|████      | 823/2000 [04:55<09:15,  2.12it/s]
PartitionExplainer explainer:  41%|████      | 824/2000 [04:55<08:19,  2.36it/s]
PartitionExplainer explainer:  41%|████▏     | 825/2000 [04:56<07:56,  2.47it/s]
PartitionExplainer explainer:  41%|████▏     | 826/2000 [04:56<07:16,  2.69it/s]
PartitionExplainer explainer:  41%|████▏     | 827/2000 [04:56<06:48,  2.87it/s]
PartitionExplainer explainer:  41%|████▏     | 828/2000 [04:57<06:28,  3.02it/s]
PartitionExplainer explainer:  41%|████▏     | 829/2000 [04:57<06:25,  3.04it/s]
PartitionExplainer explainer:  42%|████▏     | 830/2000 [04:57<06:46,  2.88it/s]
PartitionExplainer explainer:  42%|████▏     | 831/2000 [04:58<07:24,  2.63it/s]
PartitionExplainer explainer:  42%|████▏     | 832/2000 [04:58<06:33,  2.97it/s]
PartitionExplainer explainer:  42%|████▏     | 833/2000 [04:58<05:31,  3.52it/s]
PartitionExplainer explainer:  42%|████▏     | 834/2000 [04:58<04:48,  4.05it/s]
PartitionExplainer explainer:  42%|████▏     | 835/2000 [04:59<04:18,  4.51it/s]
PartitionExplainer explainer:  42%|████▏     | 836/2000 [04:59<03:57,  4.91it/s]
PartitionExplainer explainer:  42%|████▏     | 837/2000 [04:59<03:42,  5.23it/s]
PartitionExplainer explainer:  42%|████▏     | 838/2000 [04:59<03:32,  5.47it/s]
PartitionExplainer explainer:  42%|████▏     | 839/2000 [04:59<03:24,  5.67it/s]
PartitionExplainer explainer:  42%|████▏     | 840/2000 [04:59<03:19,  5.83it/s]
PartitionExplainer explainer:  42%|████▏     | 841/2000 [05:00<03:15,  5.93it/s]
PartitionExplainer explainer:  42%|████▏     | 842/2000 [05:00<03:12,  6.01it/s]
PartitionExplainer explainer:  42%|████▏     | 843/2000 [05:00<03:16,  5.88it/s]
PartitionExplainer explainer:  42%|████▏     | 844/2000 [05:00<04:10,  4.61it/s]
PartitionExplainer explainer:  42%|████▏     | 845/2000 [05:01<04:37,  4.17it/s]
PartitionExplainer explainer:  42%|████▏     | 846/2000 [05:01<04:47,  4.02it/s]
PartitionExplainer explainer:  42%|████▏     | 847/2000 [05:01<04:47,  4.01it/s]
PartitionExplainer explainer:  42%|████▏     | 848/2000 [05:01<04:39,  4.13it/s]
PartitionExplainer explainer:  42%|████▏     | 849/2000 [05:02<04:41,  4.09it/s]
PartitionExplainer explainer:  42%|████▎     | 850/2000 [05:02<07:00,  2.73it/s]
PartitionExplainer explainer:  43%|████▎     | 851/2000 [05:03<08:25,  2.27it/s]
PartitionExplainer explainer:  43%|████▎     | 852/2000 [05:03<09:14,  2.07it/s]
PartitionExplainer explainer:  43%|████▎     | 853/2000 [05:04<09:38,  1.98it/s]
PartitionExplainer explainer:  43%|████▎     | 854/2000 [05:04<08:24,  2.27it/s]
PartitionExplainer explainer:  43%|████▎     | 855/2000 [05:04<06:54,  2.76it/s]
PartitionExplainer explainer:  43%|████▎     | 856/2000 [05:05<06:10,  3.09it/s]
PartitionExplainer explainer:  43%|████▎     | 857/2000 [05:05<05:31,  3.45it/s]
PartitionExplainer explainer:  43%|████▎     | 858/2000 [05:05<06:10,  3.09it/s]
PartitionExplainer explainer:  43%|████▎     | 859/2000 [05:06<06:37,  2.87it/s]
PartitionExplainer explainer:  43%|████▎     | 860/2000 [05:06<07:19,  2.60it/s]
PartitionExplainer explainer:  43%|████▎     | 861/2000 [05:07<07:56,  2.39it/s]
PartitionExplainer explainer:  43%|████▎     | 862/2000 [05:07<07:59,  2.37it/s]
PartitionExplainer explainer:  43%|████▎     | 863/2000 [05:07<07:51,  2.41it/s]
PartitionExplainer explainer:  43%|████▎     | 864/2000 [05:08<07:45,  2.44it/s]
PartitionExplainer explainer:  43%|████▎     | 865/2000 [05:08<07:41,  2.46it/s]
PartitionExplainer explainer:  43%|████▎     | 866/2000 [05:09<07:46,  2.43it/s]
PartitionExplainer explainer:  43%|████▎     | 867/2000 [05:09<07:49,  2.41it/s]
PartitionExplainer explainer:  43%|████▎     | 868/2000 [05:10<08:08,  2.32it/s]
PartitionExplainer explainer:  43%|████▎     | 869/2000 [05:10<08:43,  2.16it/s]
PartitionExplainer explainer:  44%|████▎     | 870/2000 [05:10<07:51,  2.39it/s]
PartitionExplainer explainer:  44%|████▎     | 871/2000 [05:11<06:24,  2.94it/s]
PartitionExplainer explainer:  44%|████▎     | 872/2000 [05:11<05:22,  3.49it/s]
PartitionExplainer explainer:  44%|████▎     | 873/2000 [05:11<04:40,  4.02it/s]
PartitionExplainer explainer:  44%|████▎     | 874/2000 [05:11<04:10,  4.49it/s]
PartitionExplainer explainer:  44%|████▍     | 875/2000 [05:11<05:00,  3.75it/s]
PartitionExplainer explainer:  44%|████▍     | 876/2000 [05:12<05:22,  3.48it/s]
PartitionExplainer explainer:  44%|████▍     | 877/2000 [05:12<05:27,  3.43it/s]
PartitionExplainer explainer:  44%|████▍     | 878/2000 [05:12<05:30,  3.40it/s]
PartitionExplainer explainer:  44%|████▍     | 879/2000 [05:13<05:50,  3.20it/s]
PartitionExplainer explainer:  44%|████▍     | 880/2000 [05:13<05:28,  3.41it/s]
PartitionExplainer explainer:  44%|████▍     | 881/2000 [05:13<05:31,  3.38it/s]
PartitionExplainer explainer:  44%|████▍     | 882/2000 [05:14<05:27,  3.42it/s]
PartitionExplainer explainer:  44%|████▍     | 883/2000 [05:14<05:52,  3.17it/s]
PartitionExplainer explainer:  44%|████▍     | 884/2000 [05:14<05:55,  3.14it/s]
PartitionExplainer explainer:  44%|████▍     | 885/2000 [05:14<05:24,  3.44it/s]
PartitionExplainer explainer:  44%|████▍     | 886/2000 [05:15<04:54,  3.78it/s]
PartitionExplainer explainer:  44%|████▍     | 887/2000 [05:15<04:41,  3.95it/s]
PartitionExplainer explainer:  44%|████▍     | 888/2000 [05:15<06:03,  3.06it/s]
PartitionExplainer explainer:  44%|████▍     | 889/2000 [05:16<05:43,  3.23it/s]
PartitionExplainer explainer:  44%|████▍     | 890/2000 [05:16<05:48,  3.18it/s]
PartitionExplainer explainer:  45%|████▍     | 891/2000 [05:16<05:27,  3.39it/s]
PartitionExplainer explainer:  45%|████▍     | 892/2000 [05:17<05:45,  3.21it/s]
PartitionExplainer explainer:  45%|████▍     | 893/2000 [05:17<05:50,  3.16it/s]
PartitionExplainer explainer:  45%|████▍     | 894/2000 [05:17<06:12,  2.97it/s]
PartitionExplainer explainer:  45%|████▍     | 895/2000 [05:18<07:27,  2.47it/s]
PartitionExplainer explainer:  45%|████▍     | 896/2000 [05:19<09:00,  2.04it/s]
PartitionExplainer explainer:  45%|████▍     | 897/2000 [05:19<10:06,  1.82it/s]
PartitionExplainer explainer:  45%|████▍     | 898/2000 [05:20<10:47,  1.70it/s]
PartitionExplainer explainer:  45%|████▍     | 899/2000 [05:21<11:03,  1.66it/s]
PartitionExplainer explainer:  45%|████▌     | 900/2000 [05:21<09:48,  1.87it/s]
PartitionExplainer explainer:  45%|████▌     | 901/2000 [05:21<09:25,  1.94it/s]
PartitionExplainer explainer:  45%|████▌     | 902/2000 [05:22<08:39,  2.11it/s]
PartitionExplainer explainer:  45%|████▌     | 903/2000 [05:22<08:07,  2.25it/s]
PartitionExplainer explainer:  45%|████▌     | 904/2000 [05:23<08:17,  2.20it/s]
PartitionExplainer explainer:  45%|████▌     | 905/2000 [05:23<09:33,  1.91it/s]
PartitionExplainer explainer:  45%|████▌     | 906/2000 [05:24<10:07,  1.80it/s]
PartitionExplainer explainer:  45%|████▌     | 907/2000 [05:25<10:24,  1.75it/s]
PartitionExplainer explainer:  45%|████▌     | 908/2000 [05:25<08:58,  2.03it/s]
PartitionExplainer explainer:  45%|████▌     | 909/2000 [05:25<08:27,  2.15it/s]
PartitionExplainer explainer:  46%|████▌     | 910/2000 [05:26<07:46,  2.34it/s]
PartitionExplainer explainer:  46%|████▌     | 911/2000 [05:26<07:04,  2.56it/s]
PartitionExplainer explainer:  46%|████▌     | 912/2000 [05:26<06:28,  2.80it/s]
PartitionExplainer explainer:  46%|████▌     | 913/2000 [05:27<06:31,  2.78it/s]
PartitionExplainer explainer:  46%|████▌     | 914/2000 [05:27<06:20,  2.85it/s]
PartitionExplainer explainer:  46%|████▌     | 915/2000 [05:27<05:39,  3.19it/s]
PartitionExplainer explainer:  46%|████▌     | 916/2000 [05:28<06:48,  2.66it/s]
PartitionExplainer explainer:  46%|████▌     | 917/2000 [05:28<07:15,  2.49it/s]
PartitionExplainer explainer:  46%|████▌     | 918/2000 [05:29<07:24,  2.44it/s]
PartitionExplainer explainer:  46%|████▌     | 919/2000 [05:29<06:30,  2.77it/s]
PartitionExplainer explainer:  46%|████▌     | 920/2000 [05:29<05:53,  3.05it/s]
PartitionExplainer explainer:  46%|████▌     | 921/2000 [05:29<05:20,  3.36it/s]
PartitionExplainer explainer:  46%|████▌     | 922/2000 [05:30<05:52,  3.06it/s]
PartitionExplainer explainer:  46%|████▌     | 923/2000 [05:30<06:01,  2.98it/s]
PartitionExplainer explainer:  46%|████▌     | 924/2000 [05:30<06:04,  2.96it/s]
PartitionExplainer explainer:  46%|████▋     | 925/2000 [05:31<05:55,  3.03it/s]
PartitionExplainer explainer:  46%|████▋     | 926/2000 [05:31<05:37,  3.18it/s]
PartitionExplainer explainer:  46%|████▋     | 927/2000 [05:31<05:15,  3.40it/s]
PartitionExplainer explainer:  46%|████▋     | 928/2000 [05:31<05:09,  3.46it/s]
PartitionExplainer explainer:  46%|████▋     | 929/2000 [05:32<05:00,  3.57it/s]
PartitionExplainer explainer:  46%|████▋     | 930/2000 [05:32<04:59,  3.58it/s]
PartitionExplainer explainer:  47%|████▋     | 931/2000 [05:32<05:06,  3.49it/s]
PartitionExplainer explainer:  47%|████▋     | 932/2000 [05:33<04:44,  3.75it/s]
PartitionExplainer explainer:  47%|████▋     | 933/2000 [05:33<04:21,  4.08it/s]
PartitionExplainer explainer:  47%|████▋     | 934/2000 [05:33<04:11,  4.24it/s]
PartitionExplainer explainer:  47%|████▋     | 935/2000 [05:33<04:11,  4.24it/s]
PartitionExplainer explainer:  47%|████▋     | 936/2000 [05:33<03:47,  4.68it/s]
PartitionExplainer explainer:  47%|████▋     | 937/2000 [05:33<03:30,  5.04it/s]
PartitionExplainer explainer:  47%|████▋     | 938/2000 [05:34<03:40,  4.83it/s]
PartitionExplainer explainer:  47%|████▋     | 939/2000 [05:34<04:33,  3.89it/s]
PartitionExplainer explainer:  47%|████▋     | 940/2000 [05:34<04:44,  3.72it/s]
PartitionExplainer explainer:  47%|████▋     | 941/2000 [05:35<04:42,  3.75it/s]
PartitionExplainer explainer:  47%|████▋     | 942/2000 [05:35<04:35,  3.83it/s]
PartitionExplainer explainer:  47%|████▋     | 943/2000 [05:35<04:41,  3.76it/s]
PartitionExplainer explainer:  47%|████▋     | 944/2000 [05:35<04:34,  3.84it/s]
PartitionExplainer explainer:  47%|████▋     | 945/2000 [05:36<04:30,  3.90it/s]
PartitionExplainer explainer:  47%|████▋     | 946/2000 [05:36<04:27,  3.94it/s]
PartitionExplainer explainer:  47%|████▋     | 947/2000 [05:36<04:25,  3.97it/s]
PartitionExplainer explainer:  47%|████▋     | 948/2000 [05:36<04:23,  4.00it/s]
PartitionExplainer explainer:  47%|████▋     | 949/2000 [05:37<04:10,  4.19it/s]
PartitionExplainer explainer:  48%|████▊     | 950/2000 [05:37<03:56,  4.44it/s]
PartitionExplainer explainer:  48%|████▊     | 951/2000 [05:37<04:58,  3.51it/s]
PartitionExplainer explainer:  48%|████▊     | 952/2000 [05:38<05:37,  3.10it/s]
PartitionExplainer explainer:  48%|████▊     | 953/2000 [05:38<05:31,  3.15it/s]
PartitionExplainer explainer:  48%|████▊     | 954/2000 [05:38<05:03,  3.45it/s]
PartitionExplainer explainer:  48%|████▊     | 955/2000 [05:38<04:36,  3.78it/s]
PartitionExplainer explainer:  48%|████▊     | 956/2000 [05:39<04:09,  4.18it/s]
PartitionExplainer explainer:  48%|████▊     | 957/2000 [05:39<04:03,  4.29it/s]
PartitionExplainer explainer:  48%|████▊     | 958/2000 [05:39<03:51,  4.51it/s]
PartitionExplainer explainer:  48%|████▊     | 959/2000 [05:39<03:48,  4.56it/s]
PartitionExplainer explainer:  48%|████▊     | 960/2000 [05:39<03:54,  4.44it/s]
PartitionExplainer explainer:  48%|████▊     | 961/2000 [05:40<04:27,  3.89it/s]
PartitionExplainer explainer:  48%|████▊     | 962/2000 [05:40<04:32,  3.80it/s]
PartitionExplainer explainer:  48%|████▊     | 963/2000 [05:40<04:45,  3.63it/s]
PartitionExplainer explainer:  48%|████▊     | 964/2000 [05:41<04:30,  3.83it/s]
PartitionExplainer explainer:  48%|████▊     | 965/2000 [05:41<04:12,  4.09it/s]
PartitionExplainer explainer:  48%|████▊     | 966/2000 [05:41<03:53,  4.43it/s]
PartitionExplainer explainer:  48%|████▊     | 967/2000 [05:41<03:51,  4.47it/s]
PartitionExplainer explainer:  48%|████▊     | 968/2000 [05:41<03:41,  4.65it/s]
PartitionExplainer explainer:  48%|████▊     | 969/2000 [05:42<03:40,  4.68it/s]
PartitionExplainer explainer:  48%|████▊     | 970/2000 [05:42<03:59,  4.29it/s]
PartitionExplainer explainer:  49%|████▊     | 971/2000 [05:42<03:47,  4.52it/s]
PartitionExplainer explainer:  49%|████▊     | 972/2000 [05:42<03:31,  4.85it/s]
PartitionExplainer explainer:  49%|████▊     | 973/2000 [05:42<03:24,  5.03it/s]
PartitionExplainer explainer:  49%|████▊     | 974/2000 [05:43<03:12,  5.32it/s]
PartitionExplainer explainer:  49%|████▉     | 975/2000 [05:43<03:14,  5.27it/s]
PartitionExplainer explainer:  49%|████▉     | 976/2000 [05:43<03:16,  5.22it/s]
PartitionExplainer explainer:  49%|████▉     | 977/2000 [05:43<03:27,  4.92it/s]
PartitionExplainer explainer:  49%|████▉     | 978/2000 [05:43<03:51,  4.41it/s]
PartitionExplainer explainer:  49%|████▉     | 979/2000 [05:44<03:52,  4.40it/s]
PartitionExplainer explainer:  49%|████▉     | 980/2000 [05:44<05:05,  3.34it/s]
PartitionExplainer explainer:  49%|████▉     | 981/2000 [05:45<05:45,  2.95it/s]
PartitionExplainer explainer:  49%|████▉     | 982/2000 [05:45<05:47,  2.93it/s]
PartitionExplainer explainer:  49%|████▉     | 983/2000 [05:45<05:54,  2.87it/s]
PartitionExplainer explainer:  49%|████▉     | 984/2000 [05:46<05:51,  2.89it/s]
PartitionExplainer explainer:  49%|████▉     | 985/2000 [05:46<05:28,  3.09it/s]
PartitionExplainer explainer:  49%|████▉     | 986/2000 [05:46<05:29,  3.08it/s]
PartitionExplainer explainer:  49%|████▉     | 987/2000 [05:47<05:16,  3.20it/s]
PartitionExplainer explainer:  49%|████▉     | 988/2000 [05:47<05:05,  3.31it/s]
PartitionExplainer explainer:  49%|████▉     | 989/2000 [05:47<05:32,  3.04it/s]
PartitionExplainer explainer:  50%|████▉     | 990/2000 [05:47<05:06,  3.30it/s]
PartitionExplainer explainer:  50%|████▉     | 991/2000 [05:48<04:42,  3.57it/s]
PartitionExplainer explainer:  50%|████▉     | 992/2000 [05:48<05:08,  3.27it/s]
PartitionExplainer explainer:  50%|████▉     | 993/2000 [05:49<06:00,  2.79it/s]
PartitionExplainer explainer:  50%|████▉     | 994/2000 [05:49<06:32,  2.56it/s]
PartitionExplainer explainer:  50%|████▉     | 995/2000 [05:49<07:08,  2.35it/s]
PartitionExplainer explainer:  50%|████▉     | 996/2000 [05:50<06:47,  2.47it/s]
PartitionExplainer explainer:  50%|████▉     | 997/2000 [05:51<08:13,  2.03it/s]
PartitionExplainer explainer:  50%|████▉     | 998/2000 [05:51<08:56,  1.87it/s]
PartitionExplainer explainer:  50%|████▉     | 999/2000 [05:52<09:08,  1.83it/s]
PartitionExplainer explainer:  50%|█████     | 1000/2000 [05:52<08:55,  1.87it/s]
PartitionExplainer explainer:  50%|█████     | 1001/2000 [05:53<08:27,  1.97it/s]
PartitionExplainer explainer:  50%|█████     | 1002/2000 [05:53<07:54,  2.10it/s]
PartitionExplainer explainer:  50%|█████     | 1003/2000 [05:53<06:59,  2.38it/s]
PartitionExplainer explainer:  50%|█████     | 1004/2000 [05:54<07:15,  2.29it/s]
PartitionExplainer explainer:  50%|█████     | 1005/2000 [05:54<07:32,  2.20it/s]
PartitionExplainer explainer:  50%|█████     | 1006/2000 [05:55<07:43,  2.15it/s]
PartitionExplainer explainer:  50%|█████     | 1007/2000 [05:55<06:51,  2.41it/s]
PartitionExplainer explainer:  50%|█████     | 1008/2000 [05:55<05:55,  2.79it/s]
PartitionExplainer explainer:  50%|█████     | 1009/2000 [05:56<05:09,  3.21it/s]
PartitionExplainer explainer:  50%|█████     | 1010/2000 [05:56<04:45,  3.46it/s]
PartitionExplainer explainer:  51%|█████     | 1011/2000 [05:56<04:29,  3.67it/s]
PartitionExplainer explainer:  51%|█████     | 1012/2000 [05:56<04:25,  3.73it/s]
PartitionExplainer explainer:  51%|█████     | 1013/2000 [05:57<05:38,  2.92it/s]
PartitionExplainer explainer:  51%|█████     | 1014/2000 [05:57<05:15,  3.13it/s]
PartitionExplainer explainer:  51%|█████     | 1015/2000 [05:57<04:53,  3.36it/s]
PartitionExplainer explainer:  51%|█████     | 1016/2000 [05:58<06:18,  2.60it/s]
PartitionExplainer explainer:  51%|█████     | 1017/2000 [05:58<07:00,  2.34it/s]
PartitionExplainer explainer:  51%|█████     | 1018/2000 [05:59<07:11,  2.28it/s]
PartitionExplainer explainer:  51%|█████     | 1019/2000 [05:59<07:07,  2.30it/s]
PartitionExplainer explainer:  51%|█████     | 1020/2000 [06:00<06:49,  2.39it/s]
PartitionExplainer explainer:  51%|█████     | 1021/2000 [06:00<06:31,  2.50it/s]
PartitionExplainer explainer:  51%|█████     | 1022/2000 [06:00<06:19,  2.58it/s]
PartitionExplainer explainer:  51%|█████     | 1023/2000 [06:01<05:46,  2.82it/s]
PartitionExplainer explainer:  51%|█████     | 1024/2000 [06:01<05:30,  2.95it/s]
PartitionExplainer explainer:  51%|█████▏    | 1025/2000 [06:01<05:27,  2.98it/s]
PartitionExplainer explainer:  51%|█████▏    | 1026/2000 [06:02<04:47,  3.38it/s]
PartitionExplainer explainer:  51%|█████▏    | 1027/2000 [06:02<05:34,  2.91it/s]
PartitionExplainer explainer:  51%|█████▏    | 1028/2000 [06:02<05:43,  2.83it/s]
PartitionExplainer explainer:  51%|█████▏    | 1029/2000 [06:03<05:39,  2.86it/s]
PartitionExplainer explainer:  52%|█████▏    | 1030/2000 [06:03<05:46,  2.80it/s]
PartitionExplainer explainer:  52%|█████▏    | 1031/2000 [06:04<07:23,  2.18it/s]
PartitionExplainer explainer:  52%|█████▏    | 1032/2000 [06:05<08:32,  1.89it/s]
PartitionExplainer explainer:  52%|█████▏    | 1033/2000 [06:05<09:15,  1.74it/s]
PartitionExplainer explainer:  52%|█████▏    | 1034/2000 [06:06<09:22,  1.72it/s]
PartitionExplainer explainer:  52%|█████▏    | 1035/2000 [06:06<09:37,  1.67it/s]
PartitionExplainer explainer:  52%|█████▏    | 1036/2000 [06:07<09:29,  1.69it/s]
PartitionExplainer explainer:  52%|█████▏    | 1037/2000 [06:07<08:25,  1.91it/s]
PartitionExplainer explainer:  52%|█████▏    | 1038/2000 [06:08<07:22,  2.18it/s]
PartitionExplainer explainer:  52%|█████▏    | 1039/2000 [06:08<06:37,  2.42it/s]
PartitionExplainer explainer:  52%|█████▏    | 1040/2000 [06:08<05:45,  2.78it/s]
PartitionExplainer explainer:  52%|█████▏    | 1041/2000 [06:08<04:48,  3.33it/s]
PartitionExplainer explainer:  52%|█████▏    | 1042/2000 [06:09<04:07,  3.87it/s]
PartitionExplainer explainer:  52%|█████▏    | 1043/2000 [06:09<03:39,  4.36it/s]
PartitionExplainer explainer:  52%|█████▏    | 1044/2000 [06:09<03:19,  4.80it/s]
PartitionExplainer explainer:  52%|█████▏    | 1045/2000 [06:09<03:05,  5.15it/s]
PartitionExplainer explainer:  52%|█████▏    | 1046/2000 [06:09<03:43,  4.27it/s]
PartitionExplainer explainer:  52%|█████▏    | 1047/2000 [06:10<03:53,  4.08it/s]
PartitionExplainer explainer:  52%|█████▏    | 1048/2000 [06:10<04:38,  3.41it/s]
PartitionExplainer explainer:  52%|█████▏    | 1049/2000 [06:10<04:49,  3.29it/s]
PartitionExplainer explainer:  52%|█████▎    | 1050/2000 [06:11<04:49,  3.28it/s]
PartitionExplainer explainer:  53%|█████▎    | 1051/2000 [06:11<04:44,  3.33it/s]
PartitionExplainer explainer:  53%|█████▎    | 1052/2000 [06:11<04:54,  3.22it/s]
PartitionExplainer explainer:  53%|█████▎    | 1053/2000 [06:12<05:03,  3.12it/s]
PartitionExplainer explainer:  53%|█████▎    | 1054/2000 [06:12<05:15,  3.00it/s]
PartitionExplainer explainer:  53%|█████▎    | 1055/2000 [06:12<05:30,  2.86it/s]
PartitionExplainer explainer:  53%|█████▎    | 1056/2000 [06:13<05:00,  3.14it/s]
PartitionExplainer explainer:  53%|█████▎    | 1057/2000 [06:13<04:45,  3.30it/s]
PartitionExplainer explainer:  53%|█████▎    | 1058/2000 [06:13<04:04,  3.85it/s]
PartitionExplainer explainer:  53%|█████▎    | 1059/2000 [06:13<03:36,  4.36it/s]
PartitionExplainer explainer:  53%|█████▎    | 1060/2000 [06:13<03:16,  4.79it/s]
PartitionExplainer explainer:  53%|█████▎    | 1061/2000 [06:14<03:02,  5.15it/s]
PartitionExplainer explainer:  53%|█████▎    | 1062/2000 [06:14<03:39,  4.28it/s]
PartitionExplainer explainer:  53%|█████▎    | 1063/2000 [06:14<03:48,  4.10it/s]
PartitionExplainer explainer:  53%|█████▎    | 1064/2000 [06:14<04:11,  3.73it/s]
PartitionExplainer explainer:  53%|█████▎    | 1065/2000 [06:15<04:04,  3.83it/s]
PartitionExplainer explainer:  53%|█████▎    | 1066/2000 [06:15<03:54,  3.99it/s]
PartitionExplainer explainer:  53%|█████▎    | 1067/2000 [06:15<03:40,  4.23it/s]
PartitionExplainer explainer:  53%|█████▎    | 1068/2000 [06:16<04:21,  3.57it/s]
PartitionExplainer explainer:  53%|█████▎    | 1069/2000 [06:16<04:50,  3.21it/s]
PartitionExplainer explainer:  54%|█████▎    | 1070/2000 [06:16<05:29,  2.82it/s]
PartitionExplainer explainer:  54%|█████▎    | 1071/2000 [06:17<07:04,  2.19it/s]
PartitionExplainer explainer:  54%|█████▎    | 1072/2000 [06:18<07:21,  2.10it/s]
PartitionExplainer explainer:  54%|█████▎    | 1073/2000 [06:18<07:34,  2.04it/s]
PartitionExplainer explainer:  54%|█████▎    | 1074/2000 [06:18<06:45,  2.28it/s]
PartitionExplainer explainer:  54%|█████▍    | 1075/2000 [06:19<06:05,  2.53it/s]
PartitionExplainer explainer:  54%|█████▍    | 1076/2000 [06:19<05:36,  2.75it/s]
PartitionExplainer explainer:  54%|█████▍    | 1077/2000 [06:19<05:15,  2.93it/s]
PartitionExplainer explainer:  54%|█████▍    | 1078/2000 [06:20<04:46,  3.22it/s]
PartitionExplainer explainer:  54%|█████▍    | 1079/2000 [06:20<04:44,  3.24it/s]
PartitionExplainer explainer:  54%|█████▍    | 1080/2000 [06:20<05:25,  2.83it/s]
PartitionExplainer explainer:  54%|█████▍    | 1081/2000 [06:21<04:50,  3.16it/s]
PartitionExplainer explainer:  54%|█████▍    | 1082/2000 [06:21<04:39,  3.29it/s]
PartitionExplainer explainer:  54%|█████▍    | 1083/2000 [06:21<04:22,  3.49it/s]
PartitionExplainer explainer:  54%|█████▍    | 1084/2000 [06:21<04:23,  3.48it/s]
PartitionExplainer explainer:  54%|█████▍    | 1085/2000 [06:22<04:16,  3.57it/s]
PartitionExplainer explainer:  54%|█████▍    | 1086/2000 [06:22<04:19,  3.52it/s]
PartitionExplainer explainer:  54%|█████▍    | 1087/2000 [06:22<04:19,  3.52it/s]
PartitionExplainer explainer:  54%|█████▍    | 1088/2000 [06:22<04:09,  3.65it/s]
PartitionExplainer explainer:  54%|█████▍    | 1089/2000 [06:23<03:50,  3.96it/s]
PartitionExplainer explainer:  55%|█████▍    | 1090/2000 [06:23<03:42,  4.09it/s]
PartitionExplainer explainer:  55%|█████▍    | 1091/2000 [06:23<03:30,  4.31it/s]
PartitionExplainer explainer:  55%|█████▍    | 1092/2000 [06:23<03:22,  4.49it/s]
PartitionExplainer explainer:  55%|█████▍    | 1093/2000 [06:23<03:10,  4.77it/s]
PartitionExplainer explainer:  55%|█████▍    | 1094/2000 [06:24<02:56,  5.13it/s]
PartitionExplainer explainer:  55%|█████▍    | 1095/2000 [06:24<03:32,  4.27it/s]
PartitionExplainer explainer:  55%|█████▍    | 1096/2000 [06:24<03:40,  4.10it/s]
PartitionExplainer explainer:  55%|█████▍    | 1097/2000 [06:24<03:55,  3.84it/s]
PartitionExplainer explainer:  55%|█████▍    | 1098/2000 [06:25<03:46,  3.99it/s]
PartitionExplainer explainer:  55%|█████▍    | 1099/2000 [06:25<03:32,  4.24it/s]
PartitionExplainer explainer:  55%|█████▌    | 1100/2000 [06:25<03:18,  4.53it/s]
PartitionExplainer explainer:  55%|█████▌    | 1101/2000 [06:25<03:15,  4.60it/s]
PartitionExplainer explainer:  55%|█████▌    | 1102/2000 [06:25<03:08,  4.76it/s]
PartitionExplainer explainer:  55%|█████▌    | 1103/2000 [06:26<03:08,  4.77it/s]
PartitionExplainer explainer:  55%|█████▌    | 1104/2000 [06:26<03:14,  4.61it/s]
PartitionExplainer explainer:  55%|█████▌    | 1105/2000 [06:26<02:58,  5.00it/s]
PartitionExplainer explainer:  55%|█████▌    | 1106/2000 [06:26<02:47,  5.32it/s]
PartitionExplainer explainer:  55%|█████▌    | 1107/2000 [06:26<02:40,  5.57it/s]
PartitionExplainer explainer:  55%|█████▌    | 1108/2000 [06:27<02:34,  5.77it/s]
PartitionExplainer explainer:  55%|█████▌    | 1109/2000 [06:27<02:30,  5.90it/s]
PartitionExplainer explainer:  56%|█████▌    | 1110/2000 [06:27<02:32,  5.82it/s]
PartitionExplainer explainer:  56%|█████▌    | 1111/2000 [06:27<03:27,  4.29it/s]
PartitionExplainer explainer:  56%|█████▌    | 1112/2000 [06:28<04:48,  3.08it/s]
PartitionExplainer explainer:  56%|█████▌    | 1113/2000 [06:28<05:36,  2.64it/s]
PartitionExplainer explainer:  56%|█████▌    | 1114/2000 [06:29<06:22,  2.31it/s]
PartitionExplainer explainer:  56%|█████▌    | 1115/2000 [06:29<06:42,  2.20it/s]
PartitionExplainer explainer:  56%|█████▌    | 1116/2000 [06:30<06:55,  2.13it/s]
PartitionExplainer explainer:  56%|█████▌    | 1117/2000 [06:30<05:39,  2.60it/s]
PartitionExplainer explainer:  56%|█████▌    | 1118/2000 [06:30<04:39,  3.15it/s]
PartitionExplainer explainer:  56%|█████▌    | 1119/2000 [06:30<03:57,  3.71it/s]
PartitionExplainer explainer:  56%|█████▌    | 1120/2000 [06:31<03:28,  4.23it/s]
PartitionExplainer explainer:  56%|█████▌    | 1121/2000 [06:31<03:07,  4.68it/s]
PartitionExplainer explainer:  56%|█████▌    | 1122/2000 [06:31<02:53,  5.07it/s]
PartitionExplainer explainer:  56%|█████▌    | 1123/2000 [06:31<02:43,  5.38it/s]
PartitionExplainer explainer:  56%|█████▌    | 1124/2000 [06:31<02:36,  5.61it/s]
PartitionExplainer explainer:  56%|█████▋    | 1125/2000 [06:31<02:31,  5.77it/s]
PartitionExplainer explainer:  56%|█████▋    | 1126/2000 [06:32<02:27,  5.92it/s]
PartitionExplainer explainer:  56%|█████▋    | 1127/2000 [06:32<02:24,  6.03it/s]
PartitionExplainer explainer:  56%|█████▋    | 1128/2000 [06:32<02:23,  6.09it/s]
PartitionExplainer explainer:  56%|█████▋    | 1129/2000 [06:32<02:21,  6.15it/s]
PartitionExplainer explainer:  56%|█████▋    | 1130/2000 [06:32<02:20,  6.18it/s]
PartitionExplainer explainer:  57%|█████▋    | 1131/2000 [06:33<03:09,  4.59it/s]
PartitionExplainer explainer:  57%|█████▋    | 1132/2000 [06:33<03:44,  3.86it/s]
PartitionExplainer explainer:  57%|█████▋    | 1133/2000 [06:33<04:43,  3.06it/s]
PartitionExplainer explainer:  57%|█████▋    | 1134/2000 [06:34<05:12,  2.77it/s]
PartitionExplainer explainer:  57%|█████▋    | 1135/2000 [06:34<06:36,  2.18it/s]
PartitionExplainer explainer:  57%|█████▋    | 1136/2000 [06:35<07:37,  1.89it/s]
PartitionExplainer explainer:  57%|█████▋    | 1137/2000 [06:36<08:20,  1.73it/s]
PartitionExplainer explainer:  57%|█████▋    | 1138/2000 [06:37<08:49,  1.63it/s]
PartitionExplainer explainer:  57%|█████▋    | 1139/2000 [06:37<09:09,  1.57it/s]
PartitionExplainer explainer:  57%|█████▋    | 1140/2000 [06:38<09:23,  1.53it/s]
PartitionExplainer explainer:  57%|█████▋    | 1141/2000 [06:38<08:06,  1.77it/s]
PartitionExplainer explainer:  57%|█████▋    | 1142/2000 [06:39<06:48,  2.10it/s]
PartitionExplainer explainer:  57%|█████▋    | 1143/2000 [06:39<07:19,  1.95it/s]
PartitionExplainer explainer:  57%|█████▋    | 1144/2000 [06:40<07:41,  1.85it/s]
PartitionExplainer explainer:  57%|█████▋    | 1145/2000 [06:40<06:40,  2.13it/s]
PartitionExplainer explainer:  57%|█████▋    | 1146/2000 [06:40<06:04,  2.35it/s]
PartitionExplainer explainer:  57%|█████▋    | 1147/2000 [06:41<05:21,  2.65it/s]
PartitionExplainer explainer:  57%|█████▋    | 1148/2000 [06:41<04:43,  3.01it/s]
PartitionExplainer explainer:  57%|█████▋    | 1149/2000 [06:41<04:29,  3.16it/s]
PartitionExplainer explainer:  57%|█████▊    | 1150/2000 [06:41<04:19,  3.28it/s]
PartitionExplainer explainer:  58%|█████▊    | 1151/2000 [06:42<04:15,  3.32it/s]
PartitionExplainer explainer:  58%|█████▊    | 1152/2000 [06:42<04:15,  3.31it/s]
PartitionExplainer explainer:  58%|█████▊    | 1153/2000 [06:42<03:44,  3.77it/s]
PartitionExplainer explainer:  58%|█████▊    | 1154/2000 [06:42<03:23,  4.16it/s]
PartitionExplainer explainer:  58%|█████▊    | 1155/2000 [06:43<03:07,  4.50it/s]
PartitionExplainer explainer:  58%|█████▊    | 1156/2000 [06:43<02:56,  4.78it/s]
PartitionExplainer explainer:  58%|█████▊    | 1157/2000 [06:43<02:48,  4.99it/s]
PartitionExplainer explainer:  58%|█████▊    | 1158/2000 [06:43<02:44,  5.11it/s]
PartitionExplainer explainer:  58%|█████▊    | 1159/2000 [06:43<02:40,  5.24it/s]
PartitionExplainer explainer:  58%|█████▊    | 1160/2000 [06:43<02:37,  5.33it/s]
PartitionExplainer explainer:  58%|█████▊    | 1161/2000 [06:44<02:30,  5.56it/s]
PartitionExplainer explainer:  58%|█████▊    | 1162/2000 [06:44<02:25,  5.74it/s]
PartitionExplainer explainer:  58%|█████▊    | 1163/2000 [06:44<02:22,  5.89it/s]
PartitionExplainer explainer:  58%|█████▊    | 1164/2000 [06:44<02:46,  5.02it/s]
PartitionExplainer explainer:  58%|█████▊    | 1165/2000 [06:44<02:58,  4.68it/s]
PartitionExplainer explainer:  58%|█████▊    | 1166/2000 [06:45<03:06,  4.48it/s]
PartitionExplainer explainer:  58%|█████▊    | 1167/2000 [06:45<03:23,  4.09it/s]
PartitionExplainer explainer:  58%|█████▊    | 1168/2000 [06:46<04:43,  2.93it/s]
PartitionExplainer explainer:  58%|█████▊    | 1169/2000 [06:46<05:37,  2.46it/s]
PartitionExplainer explainer:  58%|█████▊    | 1170/2000 [06:47<06:32,  2.11it/s]
PartitionExplainer explainer:  59%|█████▊    | 1171/2000 [06:47<06:59,  1.97it/s]
PartitionExplainer explainer:  59%|█████▊    | 1172/2000 [06:48<07:16,  1.90it/s]
PartitionExplainer explainer:  59%|█████▊    | 1173/2000 [06:49<07:28,  1.84it/s]
PartitionExplainer explainer:  59%|█████▊    | 1174/2000 [06:49<07:16,  1.89it/s]
PartitionExplainer explainer:  59%|█████▉    | 1175/2000 [06:50<07:07,  1.93it/s]
PartitionExplainer explainer:  59%|█████▉    | 1176/2000 [06:50<07:07,  1.93it/s]
PartitionExplainer explainer:  59%|█████▉    | 1177/2000 [06:51<07:23,  1.85it/s]
PartitionExplainer explainer:  59%|█████▉    | 1178/2000 [06:51<06:21,  2.16it/s]
PartitionExplainer explainer:  59%|█████▉    | 1179/2000 [06:51<05:16,  2.60it/s]
PartitionExplainer explainer:  59%|█████▉    | 1180/2000 [06:51<05:00,  2.72it/s]
PartitionExplainer explainer:  59%|█████▉    | 1181/2000 [06:52<04:36,  2.96it/s]
PartitionExplainer explainer:  59%|█████▉    | 1182/2000 [06:52<04:26,  3.07it/s]
PartitionExplainer explainer:  59%|█████▉    | 1183/2000 [06:52<04:03,  3.35it/s]
PartitionExplainer explainer:  59%|█████▉    | 1184/2000 [06:52<03:42,  3.67it/s]
PartitionExplainer explainer:  59%|█████▉    | 1185/2000 [06:53<03:20,  4.06it/s]
PartitionExplainer explainer:  59%|█████▉    | 1186/2000 [06:53<03:24,  3.97it/s]
PartitionExplainer explainer:  59%|█████▉    | 1187/2000 [06:53<03:20,  4.06it/s]
PartitionExplainer explainer:  59%|█████▉    | 1188/2000 [06:53<03:16,  4.12it/s]
PartitionExplainer explainer:  59%|█████▉    | 1189/2000 [06:54<04:35,  2.95it/s]
PartitionExplainer explainer:  60%|█████▉    | 1190/2000 [06:54<04:28,  3.02it/s]
PartitionExplainer explainer:  60%|█████▉    | 1191/2000 [06:55<04:14,  3.18it/s]
PartitionExplainer explainer:  60%|█████▉    | 1192/2000 [06:55<03:58,  3.39it/s]
PartitionExplainer explainer:  60%|█████▉    | 1193/2000 [06:55<04:31,  2.97it/s]
PartitionExplainer explainer:  60%|█████▉    | 1194/2000 [06:56<04:51,  2.77it/s]
PartitionExplainer explainer:  60%|█████▉    | 1195/2000 [06:56<05:05,  2.63it/s]
PartitionExplainer explainer:  60%|█████▉    | 1196/2000 [06:57<06:22,  2.10it/s]
PartitionExplainer explainer:  60%|█████▉    | 1197/2000 [06:57<07:14,  1.85it/s]
PartitionExplainer explainer:  60%|█████▉    | 1198/2000 [06:58<07:50,  1.70it/s]
PartitionExplainer explainer:  60%|█████▉    | 1199/2000 [06:59<07:16,  1.84it/s]
PartitionExplainer explainer:  60%|██████    | 1200/2000 [06:59<06:46,  1.97it/s]
PartitionExplainer explainer:  60%|██████    | 1201/2000 [06:59<06:20,  2.10it/s]
PartitionExplainer explainer:  60%|██████    | 1202/2000 [07:00<06:01,  2.21it/s]
PartitionExplainer explainer:  60%|██████    | 1203/2000 [07:00<05:51,  2.27it/s]
PartitionExplainer explainer:  60%|██████    | 1204/2000 [07:01<05:35,  2.37it/s]
PartitionExplainer explainer:  60%|██████    | 1205/2000 [07:01<05:16,  2.52it/s]
PartitionExplainer explainer:  60%|██████    | 1206/2000 [07:01<04:34,  2.89it/s]
PartitionExplainer explainer:  60%|██████    | 1207/2000 [07:01<04:00,  3.30it/s]
PartitionExplainer explainer:  60%|██████    | 1208/2000 [07:02<03:30,  3.76it/s]
PartitionExplainer explainer:  60%|██████    | 1209/2000 [07:02<03:17,  4.00it/s]
PartitionExplainer explainer:  60%|██████    | 1210/2000 [07:02<03:04,  4.29it/s]
PartitionExplainer explainer:  61%|██████    | 1211/2000 [07:02<02:58,  4.41it/s]
PartitionExplainer explainer:  61%|██████    | 1212/2000 [07:02<03:02,  4.32it/s]
PartitionExplainer explainer:  61%|██████    | 1213/2000 [07:03<02:45,  4.75it/s]
PartitionExplainer explainer:  61%|██████    | 1214/2000 [07:03<02:34,  5.10it/s]
PartitionExplainer explainer:  61%|██████    | 1215/2000 [07:03<02:25,  5.38it/s]
PartitionExplainer explainer:  61%|██████    | 1216/2000 [07:03<02:20,  5.59it/s]
PartitionExplainer explainer:  61%|██████    | 1217/2000 [07:03<02:15,  5.76it/s]
PartitionExplainer explainer:  61%|██████    | 1218/2000 [07:04<03:06,  4.20it/s]
PartitionExplainer explainer:  61%|██████    | 1219/2000 [07:04<03:52,  3.36it/s]
PartitionExplainer explainer:  61%|██████    | 1220/2000 [07:05<04:52,  2.66it/s]
PartitionExplainer explainer:  61%|██████    | 1221/2000 [07:05<05:34,  2.33it/s]
PartitionExplainer explainer:  61%|██████    | 1222/2000 [07:06<06:07,  2.12it/s]
PartitionExplainer explainer:  61%|██████    | 1223/2000 [07:06<06:31,  1.98it/s]
PartitionExplainer explainer:  61%|██████    | 1224/2000 [07:07<06:46,  1.91it/s]
PartitionExplainer explainer:  61%|██████▏   | 1225/2000 [07:07<07:12,  1.79it/s]
PartitionExplainer explainer:  61%|██████▏   | 1226/2000 [07:08<07:42,  1.67it/s]
PartitionExplainer explainer:  61%|██████▏   | 1227/2000 [07:09<08:04,  1.60it/s]
PartitionExplainer explainer:  61%|██████▏   | 1228/2000 [07:09<07:09,  1.80it/s]
PartitionExplainer explainer:  61%|██████▏   | 1229/2000 [07:10<06:01,  2.13it/s]
PartitionExplainer explainer:  62%|██████▏   | 1230/2000 [07:10<04:49,  2.66it/s]
PartitionExplainer explainer:  62%|██████▏   | 1231/2000 [07:10<04:13,  3.03it/s]
PartitionExplainer explainer:  62%|██████▏   | 1232/2000 [07:10<03:41,  3.47it/s]
PartitionExplainer explainer:  62%|██████▏   | 1233/2000 [07:10<03:13,  3.96it/s]
PartitionExplainer explainer:  62%|██████▏   | 1234/2000 [07:10<02:56,  4.35it/s]
PartitionExplainer explainer:  62%|██████▏   | 1235/2000 [07:11<02:39,  4.78it/s]
PartitionExplainer explainer:  62%|██████▏   | 1236/2000 [07:11<02:36,  4.90it/s]
PartitionExplainer explainer:  62%|██████▏   | 1237/2000 [07:11<02:28,  5.15it/s]
PartitionExplainer explainer:  62%|██████▏   | 1238/2000 [07:11<03:09,  4.02it/s]
PartitionExplainer explainer:  62%|██████▏   | 1239/2000 [07:12<03:31,  3.60it/s]
PartitionExplainer explainer:  62%|██████▏   | 1240/2000 [07:12<03:41,  3.43it/s]
PartitionExplainer explainer:  62%|██████▏   | 1241/2000 [07:12<03:44,  3.39it/s]
PartitionExplainer explainer:  62%|██████▏   | 1242/2000 [07:13<03:45,  3.35it/s]
PartitionExplainer explainer:  62%|██████▏   | 1243/2000 [07:13<04:49,  2.62it/s]
PartitionExplainer explainer:  62%|██████▏   | 1244/2000 [07:14<05:07,  2.45it/s]
PartitionExplainer explainer:  62%|██████▏   | 1245/2000 [07:14<05:06,  2.46it/s]
PartitionExplainer explainer:  62%|██████▏   | 1246/2000 [07:14<05:02,  2.50it/s]
PartitionExplainer explainer:  62%|██████▏   | 1247/2000 [07:15<04:55,  2.55it/s]
PartitionExplainer explainer:  62%|██████▏   | 1248/2000 [07:15<04:21,  2.87it/s]
PartitionExplainer explainer:  62%|██████▏   | 1249/2000 [07:15<03:53,  3.21it/s]
PartitionExplainer explainer:  62%|██████▎   | 1250/2000 [07:16<03:34,  3.50it/s]
PartitionExplainer explainer:  63%|██████▎   | 1251/2000 [07:16<03:27,  3.60it/s]
PartitionExplainer explainer:  63%|██████▎   | 1252/2000 [07:16<03:23,  3.68it/s]
PartitionExplainer explainer:  63%|██████▎   | 1253/2000 [07:16<03:01,  4.11it/s]
PartitionExplainer explainer:  63%|██████▎   | 1254/2000 [07:17<03:19,  3.73it/s]
PartitionExplainer explainer:  63%|██████▎   | 1255/2000 [07:17<03:38,  3.40it/s]
PartitionExplainer explainer:  63%|██████▎   | 1256/2000 [07:17<03:34,  3.47it/s]
PartitionExplainer explainer:  63%|██████▎   | 1257/2000 [07:17<03:23,  3.65it/s]
PartitionExplainer explainer:  63%|██████▎   | 1258/2000 [07:18<03:12,  3.86it/s]
PartitionExplainer explainer:  63%|██████▎   | 1259/2000 [07:18<03:03,  4.03it/s]
PartitionExplainer explainer:  63%|██████▎   | 1260/2000 [07:18<02:55,  4.23it/s]
PartitionExplainer explainer:  63%|██████▎   | 1261/2000 [07:18<02:45,  4.47it/s]
PartitionExplainer explainer:  63%|██████▎   | 1262/2000 [07:18<02:41,  4.56it/s]
PartitionExplainer explainer:  63%|██████▎   | 1263/2000 [07:19<02:44,  4.48it/s]
PartitionExplainer explainer:  63%|██████▎   | 1264/2000 [07:19<02:30,  4.90it/s]
PartitionExplainer explainer:  63%|██████▎   | 1265/2000 [07:19<02:20,  5.25it/s]
PartitionExplainer explainer:  63%|██████▎   | 1266/2000 [07:19<02:13,  5.51it/s]
PartitionExplainer explainer:  63%|██████▎   | 1267/2000 [07:19<02:08,  5.72it/s]
PartitionExplainer explainer:  63%|██████▎   | 1268/2000 [07:20<02:04,  5.86it/s]
PartitionExplainer explainer:  63%|██████▎   | 1269/2000 [07:20<02:39,  4.59it/s]
PartitionExplainer explainer:  64%|██████▎   | 1270/2000 [07:20<02:49,  4.29it/s]
PartitionExplainer explainer:  64%|██████▎   | 1271/2000 [07:20<03:04,  3.94it/s]
PartitionExplainer explainer:  64%|██████▎   | 1272/2000 [07:21<02:58,  4.07it/s]
PartitionExplainer explainer:  64%|██████▎   | 1273/2000 [07:21<02:49,  4.30it/s]
PartitionExplainer explainer:  64%|██████▎   | 1274/2000 [07:21<02:37,  4.61it/s]
PartitionExplainer explainer:  64%|██████▍   | 1275/2000 [07:21<02:35,  4.65it/s]
PartitionExplainer explainer:  64%|██████▍   | 1276/2000 [07:21<02:31,  4.79it/s]
PartitionExplainer explainer:  64%|██████▍   | 1277/2000 [07:22<02:31,  4.77it/s]
PartitionExplainer explainer:  64%|██████▍   | 1278/2000 [07:22<02:36,  4.61it/s]
PartitionExplainer explainer:  64%|██████▍   | 1279/2000 [07:22<02:23,  5.01it/s]
PartitionExplainer explainer:  64%|██████▍   | 1280/2000 [07:22<02:15,  5.33it/s]
PartitionExplainer explainer:  64%|██████▍   | 1281/2000 [07:22<02:13,  5.40it/s]
PartitionExplainer explainer:  64%|██████▍   | 1282/2000 [07:23<02:16,  5.25it/s]
PartitionExplainer explainer:  64%|██████▍   | 1283/2000 [07:23<02:33,  4.67it/s]
PartitionExplainer explainer:  64%|██████▍   | 1284/2000 [07:23<02:34,  4.65it/s]
PartitionExplainer explainer:  64%|██████▍   | 1285/2000 [07:23<02:36,  4.57it/s]
PartitionExplainer explainer:  64%|██████▍   | 1286/2000 [07:23<02:33,  4.66it/s]
PartitionExplainer explainer:  64%|██████▍   | 1287/2000 [07:24<02:25,  4.91it/s]
PartitionExplainer explainer:  64%|██████▍   | 1288/2000 [07:24<02:29,  4.75it/s]
PartitionExplainer explainer:  64%|██████▍   | 1289/2000 [07:24<02:26,  4.86it/s]
PartitionExplainer explainer:  64%|██████▍   | 1290/2000 [07:24<02:27,  4.82it/s]
PartitionExplainer explainer:  65%|██████▍   | 1291/2000 [07:24<02:17,  5.17it/s]
PartitionExplainer explainer:  65%|██████▍   | 1292/2000 [07:25<02:10,  5.44it/s]
PartitionExplainer explainer:  65%|██████▍   | 1293/2000 [07:25<02:41,  4.39it/s]
PartitionExplainer explainer:  65%|██████▍   | 1294/2000 [07:25<02:49,  4.16it/s]
PartitionExplainer explainer:  65%|██████▍   | 1295/2000 [07:26<03:02,  3.86it/s]
PartitionExplainer explainer:  65%|██████▍   | 1296/2000 [07:26<02:55,  4.00it/s]
PartitionExplainer explainer:  65%|██████▍   | 1297/2000 [07:26<02:45,  4.24it/s]
PartitionExplainer explainer:  65%|██████▍   | 1298/2000 [07:26<02:38,  4.42it/s]
PartitionExplainer explainer:  65%|██████▍   | 1299/2000 [07:26<02:40,  4.36it/s]
PartitionExplainer explainer:  65%|██████▌   | 1300/2000 [07:27<02:42,  4.31it/s]
PartitionExplainer explainer:  65%|██████▌   | 1301/2000 [07:27<02:48,  4.15it/s]
PartitionExplainer explainer:  65%|██████▌   | 1302/2000 [07:27<02:55,  3.97it/s]
PartitionExplainer explainer:  65%|██████▌   | 1303/2000 [07:27<02:40,  4.34it/s]
PartitionExplainer explainer:  65%|██████▌   | 1304/2000 [07:28<02:29,  4.65it/s]
PartitionExplainer explainer:  65%|██████▌   | 1305/2000 [07:28<02:21,  4.90it/s]
PartitionExplainer explainer:  65%|██████▌   | 1306/2000 [07:28<02:16,  5.09it/s]
PartitionExplainer explainer:  65%|██████▌   | 1307/2000 [07:28<02:13,  5.18it/s]
PartitionExplainer explainer:  65%|██████▌   | 1308/2000 [07:28<02:06,  5.46it/s]
PartitionExplainer explainer:  65%|██████▌   | 1309/2000 [07:28<02:01,  5.67it/s]
PartitionExplainer explainer:  66%|██████▌   | 1310/2000 [07:29<01:58,  5.82it/s]
PartitionExplainer explainer:  66%|██████▌   | 1311/2000 [07:29<01:55,  5.94it/s]
PartitionExplainer explainer:  66%|██████▌   | 1312/2000 [07:29<01:54,  6.02it/s]
PartitionExplainer explainer:  66%|██████▌   | 1313/2000 [07:29<01:53,  6.08it/s]
PartitionExplainer explainer:  66%|██████▌   | 1314/2000 [07:29<01:51,  6.14it/s]
PartitionExplainer explainer:  66%|██████▌   | 1315/2000 [07:29<01:50,  6.17it/s]
PartitionExplainer explainer:  66%|██████▌   | 1316/2000 [07:30<01:50,  6.20it/s]
PartitionExplainer explainer:  66%|██████▌   | 1317/2000 [07:30<01:49,  6.23it/s]
PartitionExplainer explainer:  66%|██████▌   | 1318/2000 [07:30<01:49,  6.24it/s]
PartitionExplainer explainer:  66%|██████▌   | 1319/2000 [07:30<01:49,  6.24it/s]
PartitionExplainer explainer:  66%|██████▌   | 1320/2000 [07:30<01:48,  6.26it/s]
PartitionExplainer explainer:  66%|██████▌   | 1321/2000 [07:30<01:48,  6.26it/s]
PartitionExplainer explainer:  66%|██████▌   | 1322/2000 [07:30<01:48,  6.27it/s]
PartitionExplainer explainer:  66%|██████▌   | 1323/2000 [07:31<01:48,  6.25it/s]
PartitionExplainer explainer:  66%|██████▌   | 1324/2000 [07:31<01:48,  6.25it/s]
PartitionExplainer explainer:  66%|██████▋   | 1325/2000 [07:31<01:48,  6.23it/s]
PartitionExplainer explainer:  66%|██████▋   | 1326/2000 [07:31<01:48,  6.23it/s]
PartitionExplainer explainer:  66%|██████▋   | 1327/2000 [07:31<01:47,  6.24it/s]
PartitionExplainer explainer:  66%|██████▋   | 1328/2000 [07:32<03:34,  3.14it/s]
PartitionExplainer explainer:  66%|██████▋   | 1329/2000 [07:32<03:45,  2.97it/s]
PartitionExplainer explainer:  66%|██████▋   | 1330/2000 [07:33<04:05,  2.73it/s]
PartitionExplainer explainer:  67%|██████▋   | 1331/2000 [07:33<05:12,  2.14it/s]
PartitionExplainer explainer:  67%|██████▋   | 1332/2000 [07:34<05:58,  1.86it/s]
PartitionExplainer explainer:  67%|██████▋   | 1333/2000 [07:35<06:30,  1.71it/s]
PartitionExplainer explainer:  67%|██████▋   | 1334/2000 [07:36<06:54,  1.61it/s]
PartitionExplainer explainer:  67%|██████▋   | 1335/2000 [07:36<07:10,  1.55it/s]
PartitionExplainer explainer:  67%|██████▋   | 1336/2000 [07:37<07:23,  1.50it/s]
PartitionExplainer explainer:  67%|██████▋   | 1337/2000 [07:38<07:31,  1.47it/s]
PartitionExplainer explainer:  67%|██████▋   | 1338/2000 [07:38<07:34,  1.46it/s]
PartitionExplainer explainer:  67%|██████▋   | 1339/2000 [07:39<07:36,  1.45it/s]
PartitionExplainer explainer:  67%|██████▋   | 1340/2000 [07:40<07:36,  1.44it/s]
PartitionExplainer explainer:  67%|██████▋   | 1341/2000 [07:40<06:42,  1.64it/s]
PartitionExplainer explainer:  67%|██████▋   | 1342/2000 [07:41<05:41,  1.93it/s]
PartitionExplainer explainer:  67%|██████▋   | 1343/2000 [07:41<04:45,  2.30it/s]
PartitionExplainer explainer:  67%|██████▋   | 1344/2000 [07:41<03:57,  2.77it/s]
PartitionExplainer explainer:  67%|██████▋   | 1345/2000 [07:41<03:19,  3.29it/s]
PartitionExplainer explainer:  67%|██████▋   | 1346/2000 [07:41<02:52,  3.79it/s]
PartitionExplainer explainer:  67%|██████▋   | 1347/2000 [07:41<02:32,  4.29it/s]
PartitionExplainer explainer:  67%|██████▋   | 1348/2000 [07:42<02:17,  4.73it/s]
PartitionExplainer explainer:  67%|██████▋   | 1349/2000 [07:42<02:07,  5.10it/s]
PartitionExplainer explainer:  68%|██████▊   | 1350/2000 [07:42<02:00,  5.38it/s]
PartitionExplainer explainer:  68%|██████▊   | 1351/2000 [07:42<01:55,  5.60it/s]
PartitionExplainer explainer:  68%|██████▊   | 1352/2000 [07:42<02:00,  5.38it/s]
PartitionExplainer explainer:  68%|██████▊   | 1353/2000 [07:43<01:58,  5.44it/s]
PartitionExplainer explainer:  68%|██████▊   | 1354/2000 [07:43<02:42,  3.97it/s]
PartitionExplainer explainer:  68%|██████▊   | 1355/2000 [07:43<03:24,  3.16it/s]
PartitionExplainer explainer:  68%|██████▊   | 1356/2000 [07:44<04:01,  2.67it/s]
PartitionExplainer explainer:  68%|██████▊   | 1357/2000 [07:44<04:27,  2.41it/s]
PartitionExplainer explainer:  68%|██████▊   | 1358/2000 [07:45<04:49,  2.22it/s]
PartitionExplainer explainer:  68%|██████▊   | 1359/2000 [07:45<05:05,  2.10it/s]
PartitionExplainer explainer:  68%|██████▊   | 1360/2000 [07:46<04:04,  2.62it/s]
PartitionExplainer explainer:  68%|██████▊   | 1361/2000 [07:46<03:21,  3.18it/s]
PartitionExplainer explainer:  68%|██████▊   | 1362/2000 [07:46<02:51,  3.73it/s]
PartitionExplainer explainer:  68%|██████▊   | 1363/2000 [07:46<02:30,  4.24it/s]
PartitionExplainer explainer:  68%|██████▊   | 1364/2000 [07:46<02:15,  4.69it/s]
PartitionExplainer explainer:  68%|██████▊   | 1365/2000 [07:47<02:19,  4.55it/s]
PartitionExplainer explainer:  68%|██████▊   | 1366/2000 [07:47<02:17,  4.61it/s]
PartitionExplainer explainer:  68%|██████▊   | 1367/2000 [07:47<02:12,  4.77it/s]
PartitionExplainer explainer:  68%|██████▊   | 1368/2000 [07:47<02:06,  4.99it/s]
PartitionExplainer explainer:  68%|██████▊   | 1369/2000 [07:48<03:39,  2.87it/s]
PartitionExplainer explainer:  68%|██████▊   | 1370/2000 [07:48<04:45,  2.20it/s]
PartitionExplainer explainer:  69%|██████▊   | 1371/2000 [07:49<05:32,  1.89it/s]
PartitionExplainer explainer:  69%|██████▊   | 1372/2000 [07:50<06:04,  1.72it/s]
PartitionExplainer explainer:  69%|██████▊   | 1373/2000 [07:51<06:26,  1.62it/s]
PartitionExplainer explainer:  69%|██████▊   | 1374/2000 [07:51<06:40,  1.56it/s]
PartitionExplainer explainer:  69%|██████▉   | 1375/2000 [07:52<05:32,  1.88it/s]
PartitionExplainer explainer:  69%|██████▉   | 1376/2000 [07:52<04:50,  2.15it/s]
PartitionExplainer explainer:  69%|██████▉   | 1377/2000 [07:52<04:31,  2.29it/s]
PartitionExplainer explainer:  69%|██████▉   | 1378/2000 [07:53<05:19,  1.95it/s]
PartitionExplainer explainer:  69%|██████▉   | 1379/2000 [07:53<04:35,  2.26it/s]
PartitionExplainer explainer:  69%|██████▉   | 1380/2000 [07:54<04:11,  2.47it/s]
PartitionExplainer explainer:  69%|██████▉   | 1381/2000 [07:54<03:43,  2.77it/s]
PartitionExplainer explainer:  69%|██████▉   | 1382/2000 [07:54<03:58,  2.59it/s]
PartitionExplainer explainer:  69%|██████▉   | 1383/2000 [07:55<03:55,  2.62it/s]
PartitionExplainer explainer:  69%|██████▉   | 1384/2000 [07:55<04:12,  2.44it/s]
PartitionExplainer explainer:  69%|██████▉   | 1385/2000 [07:56<05:05,  2.01it/s]
PartitionExplainer explainer:  69%|██████▉   | 1386/2000 [07:56<05:44,  1.78it/s]
PartitionExplainer explainer:  69%|██████▉   | 1387/2000 [07:57<06:10,  1.65it/s]
PartitionExplainer explainer:  69%|██████▉   | 1388/2000 [07:58<06:28,  1.58it/s]
PartitionExplainer explainer:  69%|██████▉   | 1389/2000 [07:59<06:25,  1.58it/s]
PartitionExplainer explainer:  70%|██████▉   | 1390/2000 [07:59<06:18,  1.61it/s]
PartitionExplainer explainer:  70%|██████▉   | 1391/2000 [08:00<06:14,  1.63it/s]
PartitionExplainer explainer:  70%|██████▉   | 1392/2000 [08:00<05:41,  1.78it/s]
PartitionExplainer explainer:  70%|██████▉   | 1393/2000 [08:01<05:10,  1.95it/s]
PartitionExplainer explainer:  70%|██████▉   | 1394/2000 [08:01<04:36,  2.19it/s]
PartitionExplainer explainer:  70%|██████▉   | 1395/2000 [08:01<03:48,  2.65it/s]
PartitionExplainer explainer:  70%|██████▉   | 1396/2000 [08:01<03:17,  3.06it/s]
PartitionExplainer explainer:  70%|██████▉   | 1397/2000 [08:02<03:00,  3.34it/s]
PartitionExplainer explainer:  70%|██████▉   | 1398/2000 [08:02<02:48,  3.58it/s]
PartitionExplainer explainer:  70%|██████▉   | 1399/2000 [08:02<02:35,  3.86it/s]
PartitionExplainer explainer:  70%|███████   | 1400/2000 [08:02<02:23,  4.18it/s]
PartitionExplainer explainer:  70%|███████   | 1401/2000 [08:02<02:13,  4.49it/s]
PartitionExplainer explainer:  70%|███████   | 1402/2000 [08:03<02:15,  4.40it/s]
PartitionExplainer explainer:  70%|███████   | 1403/2000 [08:03<02:15,  4.40it/s]
PartitionExplainer explainer:  70%|███████   | 1404/2000 [08:03<02:15,  4.40it/s]
PartitionExplainer explainer:  70%|███████   | 1405/2000 [08:03<02:20,  4.22it/s]
PartitionExplainer explainer:  70%|███████   | 1406/2000 [08:04<03:40,  2.69it/s]
PartitionExplainer explainer:  70%|███████   | 1407/2000 [08:05<04:32,  2.17it/s]
PartitionExplainer explainer:  70%|███████   | 1408/2000 [08:05<04:09,  2.37it/s]
PartitionExplainer explainer:  70%|███████   | 1409/2000 [08:05<03:57,  2.49it/s]
PartitionExplainer explainer:  70%|███████   | 1410/2000 [08:06<03:48,  2.58it/s]
PartitionExplainer explainer:  71%|███████   | 1411/2000 [08:06<03:53,  2.52it/s]
PartitionExplainer explainer:  71%|███████   | 1412/2000 [08:07<04:08,  2.36it/s]
PartitionExplainer explainer:  71%|███████   | 1413/2000 [08:07<04:30,  2.17it/s]
PartitionExplainer explainer:  71%|███████   | 1414/2000 [08:08<04:49,  2.03it/s]
PartitionExplainer explainer:  71%|███████   | 1415/2000 [08:08<05:15,  1.85it/s]
PartitionExplainer explainer:  71%|███████   | 1416/2000 [08:09<04:44,  2.06it/s]
PartitionExplainer explainer:  71%|███████   | 1417/2000 [08:09<04:02,  2.41it/s]
PartitionExplainer explainer:  71%|███████   | 1418/2000 [08:09<03:20,  2.90it/s]
PartitionExplainer explainer:  71%|███████   | 1419/2000 [08:09<02:59,  3.24it/s]
PartitionExplainer explainer:  71%|███████   | 1420/2000 [08:10<02:38,  3.65it/s]
PartitionExplainer explainer:  71%|███████   | 1421/2000 [08:10<02:20,  4.12it/s]
PartitionExplainer explainer:  71%|███████   | 1422/2000 [08:10<02:10,  4.44it/s]
PartitionExplainer explainer:  71%|███████   | 1423/2000 [08:10<01:58,  4.86it/s]
PartitionExplainer explainer:  71%|███████   | 1424/2000 [08:10<01:56,  4.95it/s]
PartitionExplainer explainer:  71%|███████▏  | 1425/2000 [08:10<01:50,  5.19it/s]
PartitionExplainer explainer:  71%|███████▏  | 1426/2000 [08:11<01:46,  5.37it/s]
PartitionExplainer explainer:  71%|███████▏  | 1427/2000 [08:11<01:42,  5.59it/s]
PartitionExplainer explainer:  71%|███████▏  | 1428/2000 [08:11<01:39,  5.77it/s]
PartitionExplainer explainer:  71%|███████▏  | 1429/2000 [08:11<01:36,  5.89it/s]
PartitionExplainer explainer:  72%|███████▏  | 1430/2000 [08:11<01:35,  5.98it/s]
PartitionExplainer explainer:  72%|███████▏  | 1431/2000 [08:11<01:34,  6.04it/s]
PartitionExplainer explainer:  72%|███████▏  | 1432/2000 [08:12<01:33,  6.08it/s]
PartitionExplainer explainer:  72%|███████▏  | 1433/2000 [08:12<02:01,  4.66it/s]
PartitionExplainer explainer:  72%|███████▏  | 1434/2000 [08:12<02:54,  3.24it/s]
PartitionExplainer explainer:  72%|███████▏  | 1435/2000 [08:13<03:39,  2.57it/s]
PartitionExplainer explainer:  72%|███████▏  | 1436/2000 [08:13<03:46,  2.49it/s]
PartitionExplainer explainer:  72%|███████▏  | 1437/2000 [08:14<03:49,  2.45it/s]
PartitionExplainer explainer:  72%|███████▏  | 1438/2000 [08:14<03:40,  2.55it/s]
PartitionExplainer explainer:  72%|███████▏  | 1439/2000 [08:15<03:44,  2.50it/s]
PartitionExplainer explainer:  72%|███████▏  | 1440/2000 [08:15<03:37,  2.58it/s]
PartitionExplainer explainer:  72%|███████▏  | 1441/2000 [08:15<03:42,  2.52it/s]
PartitionExplainer explainer:  72%|███████▏  | 1442/2000 [08:16<04:31,  2.06it/s]
PartitionExplainer explainer:  72%|███████▏  | 1443/2000 [08:17<05:04,  1.83it/s]
PartitionExplainer explainer:  72%|███████▏  | 1444/2000 [08:17<04:47,  1.93it/s]
PartitionExplainer explainer:  72%|███████▏  | 1445/2000 [08:18<05:15,  1.76it/s]
PartitionExplainer explainer:  72%|███████▏  | 1446/2000 [08:19<05:32,  1.67it/s]
PartitionExplainer explainer:  72%|███████▏  | 1447/2000 [08:19<05:46,  1.59it/s]
PartitionExplainer explainer:  72%|███████▏  | 1448/2000 [08:20<05:57,  1.55it/s]
PartitionExplainer explainer:  72%|███████▏  | 1449/2000 [08:21<06:04,  1.51it/s]
PartitionExplainer explainer:  72%|███████▎  | 1450/2000 [08:21<06:09,  1.49it/s]
PartitionExplainer explainer:  73%|███████▎  | 1451/2000 [08:22<06:12,  1.47it/s]
PartitionExplainer explainer:  73%|███████▎  | 1452/2000 [08:23<05:30,  1.66it/s]
PartitionExplainer explainer:  73%|███████▎  | 1453/2000 [08:23<04:57,  1.84it/s]
PartitionExplainer explainer:  73%|███████▎  | 1454/2000 [08:23<04:37,  1.97it/s]
PartitionExplainer explainer:  73%|███████▎  | 1455/2000 [08:24<04:42,  1.93it/s]
PartitionExplainer explainer:  73%|███████▎  | 1456/2000 [08:25<04:57,  1.83it/s]
PartitionExplainer explainer:  73%|███████▎  | 1457/2000 [08:25<04:15,  2.13it/s]
PartitionExplainer explainer:  73%|███████▎  | 1458/2000 [08:25<04:15,  2.12it/s]
PartitionExplainer explainer:  73%|███████▎  | 1459/2000 [08:26<04:14,  2.12it/s]
PartitionExplainer explainer:  73%|███████▎  | 1460/2000 [08:26<04:17,  2.10it/s]
PartitionExplainer explainer:  73%|███████▎  | 1461/2000 [08:27<04:15,  2.11it/s]
PartitionExplainer explainer:  73%|███████▎  | 1462/2000 [08:27<04:17,  2.09it/s]
PartitionExplainer explainer:  73%|███████▎  | 1463/2000 [08:28<04:18,  2.07it/s]
PartitionExplainer explainer:  73%|███████▎  | 1464/2000 [08:28<04:20,  2.06it/s]
PartitionExplainer explainer:  73%|███████▎  | 1465/2000 [08:29<04:33,  1.95it/s]
PartitionExplainer explainer:  73%|███████▎  | 1466/2000 [08:29<04:45,  1.87it/s]
PartitionExplainer explainer:  73%|███████▎  | 1467/2000 [08:30<04:52,  1.82it/s]
PartitionExplainer explainer:  73%|███████▎  | 1468/2000 [08:30<03:58,  2.23it/s]
PartitionExplainer explainer:  73%|███████▎  | 1469/2000 [08:30<03:22,  2.62it/s]
PartitionExplainer explainer:  74%|███████▎  | 1470/2000 [08:31<02:57,  2.98it/s]
PartitionExplainer explainer:  74%|███████▎  | 1471/2000 [08:31<02:48,  3.15it/s]
PartitionExplainer explainer:  74%|███████▎  | 1472/2000 [08:31<02:38,  3.33it/s]
PartitionExplainer explainer:  74%|███████▎  | 1473/2000 [08:31<02:28,  3.55it/s]
PartitionExplainer explainer:  74%|███████▎  | 1474/2000 [08:32<02:19,  3.77it/s]
PartitionExplainer explainer:  74%|███████▍  | 1475/2000 [08:32<02:13,  3.94it/s]
PartitionExplainer explainer:  74%|███████▍  | 1476/2000 [08:32<02:11,  3.97it/s]
PartitionExplainer explainer:  74%|███████▍  | 1477/2000 [08:32<02:18,  3.78it/s]
PartitionExplainer explainer:  74%|███████▍  | 1478/2000 [08:33<02:43,  3.19it/s]
PartitionExplainer explainer:  74%|███████▍  | 1479/2000 [08:33<02:34,  3.36it/s]
PartitionExplainer explainer:  74%|███████▍  | 1480/2000 [08:33<02:25,  3.58it/s]
PartitionExplainer explainer:  74%|███████▍  | 1481/2000 [08:34<03:05,  2.80it/s]
PartitionExplainer explainer:  74%|███████▍  | 1482/2000 [08:34<03:34,  2.41it/s]
PartitionExplainer explainer:  74%|███████▍  | 1483/2000 [08:35<03:43,  2.32it/s]
PartitionExplainer explainer:  74%|███████▍  | 1484/2000 [08:35<03:48,  2.26it/s]
PartitionExplainer explainer:  74%|███████▍  | 1485/2000 [08:36<03:56,  2.18it/s]
PartitionExplainer explainer:  74%|███████▍  | 1486/2000 [08:36<03:58,  2.16it/s]
PartitionExplainer explainer:  74%|███████▍  | 1487/2000 [08:37<03:51,  2.21it/s]
PartitionExplainer explainer:  74%|███████▍  | 1488/2000 [08:37<03:42,  2.30it/s]
PartitionExplainer explainer:  74%|███████▍  | 1489/2000 [08:38<03:45,  2.27it/s]
PartitionExplainer explainer:  74%|███████▍  | 1490/2000 [08:38<03:58,  2.14it/s]
PartitionExplainer explainer:  75%|███████▍  | 1491/2000 [08:38<03:13,  2.62it/s]
PartitionExplainer explainer:  75%|███████▍  | 1492/2000 [08:38<02:43,  3.10it/s]
PartitionExplainer explainer:  75%|███████▍  | 1493/2000 [08:39<02:22,  3.55it/s]
PartitionExplainer explainer:  75%|███████▍  | 1494/2000 [08:39<02:19,  3.64it/s]
PartitionExplainer explainer:  75%|███████▍  | 1495/2000 [08:39<02:11,  3.84it/s]
PartitionExplainer explainer:  75%|███████▍  | 1496/2000 [08:40<02:31,  3.32it/s]
PartitionExplainer explainer:  75%|███████▍  | 1497/2000 [08:40<03:30,  2.39it/s]
PartitionExplainer explainer:  75%|███████▍  | 1498/2000 [08:41<04:11,  2.00it/s]
PartitionExplainer explainer:  75%|███████▍  | 1499/2000 [08:41<04:16,  1.95it/s]
PartitionExplainer explainer:  75%|███████▌  | 1500/2000 [08:42<04:11,  1.98it/s]
PartitionExplainer explainer:  75%|███████▌  | 1501/2000 [08:43<04:36,  1.81it/s]
PartitionExplainer explainer:  75%|███████▌  | 1502/2000 [08:43<04:42,  1.76it/s]
PartitionExplainer explainer:  75%|███████▌  | 1503/2000 [08:44<04:43,  1.75it/s]
PartitionExplainer explainer:  75%|███████▌  | 1504/2000 [08:44<04:23,  1.88it/s]
PartitionExplainer explainer:  75%|███████▌  | 1505/2000 [08:45<04:11,  1.97it/s]
PartitionExplainer explainer:  75%|███████▌  | 1506/2000 [08:45<04:01,  2.04it/s]
PartitionExplainer explainer:  75%|███████▌  | 1507/2000 [08:45<03:32,  2.32it/s]
PartitionExplainer explainer:  75%|███████▌  | 1508/2000 [08:46<03:07,  2.63it/s]
PartitionExplainer explainer:  75%|███████▌  | 1509/2000 [08:46<03:09,  2.59it/s]
PartitionExplainer explainer:  76%|███████▌  | 1510/2000 [08:46<03:10,  2.58it/s]
PartitionExplainer explainer:  76%|███████▌  | 1511/2000 [08:47<03:11,  2.56it/s]
PartitionExplainer explainer:  76%|███████▌  | 1512/2000 [08:47<03:18,  2.46it/s]
PartitionExplainer explainer:  76%|███████▌  | 1513/2000 [08:48<03:12,  2.53it/s]
PartitionExplainer explainer:  76%|███████▌  | 1514/2000 [08:48<02:57,  2.74it/s]
PartitionExplainer explainer:  76%|███████▌  | 1515/2000 [08:48<02:45,  2.92it/s]
PartitionExplainer explainer:  76%|███████▌  | 1516/2000 [08:49<02:44,  2.95it/s]
PartitionExplainer explainer:  76%|███████▌  | 1517/2000 [08:49<02:42,  2.96it/s]
PartitionExplainer explainer:  76%|███████▌  | 1518/2000 [08:49<02:45,  2.91it/s]
PartitionExplainer explainer:  76%|███████▌  | 1519/2000 [08:50<02:39,  3.02it/s]
PartitionExplainer explainer:  76%|███████▌  | 1520/2000 [08:50<02:38,  3.03it/s]
PartitionExplainer explainer:  76%|███████▌  | 1521/2000 [08:50<02:30,  3.18it/s]
PartitionExplainer explainer:  76%|███████▌  | 1522/2000 [08:51<02:34,  3.09it/s]
PartitionExplainer explainer:  76%|███████▌  | 1523/2000 [08:51<03:27,  2.30it/s]
PartitionExplainer explainer:  76%|███████▌  | 1524/2000 [08:52<04:01,  1.97it/s]
PartitionExplainer explainer:  76%|███████▋  | 1525/2000 [08:52<03:49,  2.07it/s]
PartitionExplainer explainer:  76%|███████▋  | 1526/2000 [08:53<03:18,  2.39it/s]
PartitionExplainer explainer:  76%|███████▋  | 1527/2000 [08:53<02:52,  2.74it/s]
PartitionExplainer explainer:  76%|███████▋  | 1528/2000 [08:53<02:32,  3.09it/s]
PartitionExplainer explainer:  76%|███████▋  | 1529/2000 [08:53<02:18,  3.40it/s]
PartitionExplainer explainer:  76%|███████▋  | 1530/2000 [08:54<02:11,  3.58it/s]
PartitionExplainer explainer:  77%|███████▋  | 1531/2000 [08:54<02:06,  3.72it/s]
PartitionExplainer explainer:  77%|███████▋  | 1532/2000 [08:54<02:10,  3.59it/s]
PartitionExplainer explainer:  77%|███████▋  | 1533/2000 [08:54<02:02,  3.80it/s]
PartitionExplainer explainer:  77%|███████▋  | 1534/2000 [08:54<01:49,  4.26it/s]
PartitionExplainer explainer:  77%|███████▋  | 1535/2000 [08:55<02:02,  3.81it/s]
PartitionExplainer explainer:  77%|███████▋  | 1536/2000 [08:55<02:43,  2.84it/s]
PartitionExplainer explainer:  77%|███████▋  | 1537/2000 [08:56<03:17,  2.34it/s]
PartitionExplainer explainer:  77%|███████▋  | 1538/2000 [08:56<03:18,  2.33it/s]
PartitionExplainer explainer:  77%|███████▋  | 1539/2000 [08:57<03:13,  2.38it/s]
PartitionExplainer explainer:  77%|███████▋  | 1540/2000 [08:57<03:06,  2.47it/s]
PartitionExplainer explainer:  77%|███████▋  | 1541/2000 [08:58<03:13,  2.38it/s]
PartitionExplainer explainer:  77%|███████▋  | 1542/2000 [08:58<03:18,  2.31it/s]
PartitionExplainer explainer:  77%|███████▋  | 1543/2000 [08:59<03:21,  2.26it/s]
PartitionExplainer explainer:  77%|███████▋  | 1544/2000 [08:59<03:24,  2.23it/s]
PartitionExplainer explainer:  77%|███████▋  | 1545/2000 [09:00<03:33,  2.13it/s]
PartitionExplainer explainer:  77%|███████▋  | 1546/2000 [09:00<03:11,  2.37it/s]
PartitionExplainer explainer:  77%|███████▋  | 1547/2000 [09:00<02:41,  2.81it/s]
PartitionExplainer explainer:  77%|███████▋  | 1548/2000 [09:00<02:20,  3.23it/s]
PartitionExplainer explainer:  77%|███████▋  | 1549/2000 [09:00<02:05,  3.60it/s]
PartitionExplainer explainer:  78%|███████▊  | 1550/2000 [09:01<02:23,  3.14it/s]
PartitionExplainer explainer:  78%|███████▊  | 1551/2000 [09:01<02:50,  2.63it/s]
PartitionExplainer explainer:  78%|███████▊  | 1552/2000 [09:02<03:18,  2.26it/s]
PartitionExplainer explainer:  78%|███████▊  | 1553/2000 [09:02<03:15,  2.28it/s]
PartitionExplainer explainer:  78%|███████▊  | 1554/2000 [09:03<03:05,  2.41it/s]
PartitionExplainer explainer:  78%|███████▊  | 1555/2000 [09:03<02:48,  2.64it/s]
PartitionExplainer explainer:  78%|███████▊  | 1556/2000 [09:03<02:42,  2.73it/s]
PartitionExplainer explainer:  78%|███████▊  | 1557/2000 [09:04<02:34,  2.87it/s]
PartitionExplainer explainer:  78%|███████▊  | 1558/2000 [09:04<02:55,  2.53it/s]
PartitionExplainer explainer:  78%|███████▊  | 1559/2000 [09:05<03:02,  2.42it/s]
PartitionExplainer explainer:  78%|███████▊  | 1560/2000 [09:05<03:39,  2.01it/s]
PartitionExplainer explainer:  78%|███████▊  | 1561/2000 [09:06<04:05,  1.79it/s]
PartitionExplainer explainer:  78%|███████▊  | 1562/2000 [09:07<04:23,  1.66it/s]
PartitionExplainer explainer:  78%|███████▊  | 1563/2000 [09:07<04:36,  1.58it/s]
PartitionExplainer explainer:  78%|███████▊  | 1564/2000 [09:08<04:42,  1.54it/s]
PartitionExplainer explainer:  78%|███████▊  | 1565/2000 [09:09<04:49,  1.51it/s]
PartitionExplainer explainer:  78%|███████▊  | 1566/2000 [09:10<04:52,  1.48it/s]
PartitionExplainer explainer:  78%|███████▊  | 1567/2000 [09:10<04:54,  1.47it/s]
PartitionExplainer explainer:  78%|███████▊  | 1568/2000 [09:11<04:12,  1.71it/s]
PartitionExplainer explainer:  78%|███████▊  | 1569/2000 [09:11<03:46,  1.90it/s]
PartitionExplainer explainer:  78%|███████▊  | 1570/2000 [09:11<03:04,  2.33it/s]
PartitionExplainer explainer:  79%|███████▊  | 1571/2000 [09:11<02:40,  2.67it/s]
PartitionExplainer explainer:  79%|███████▊  | 1572/2000 [09:12<02:48,  2.54it/s]
PartitionExplainer explainer:  79%|███████▊  | 1573/2000 [09:12<02:52,  2.47it/s]
PartitionExplainer explainer:  79%|███████▊  | 1574/2000 [09:13<02:48,  2.53it/s]
PartitionExplainer explainer:  79%|███████▉  | 1575/2000 [09:13<02:40,  2.65it/s]
PartitionExplainer explainer:  79%|███████▉  | 1576/2000 [09:13<02:26,  2.90it/s]
PartitionExplainer explainer:  79%|███████▉  | 1577/2000 [09:14<02:16,  3.11it/s]
PartitionExplainer explainer:  79%|███████▉  | 1578/2000 [09:14<02:09,  3.26it/s]
PartitionExplainer explainer:  79%|███████▉  | 1579/2000 [09:14<02:08,  3.27it/s]
PartitionExplainer explainer:  79%|███████▉  | 1580/2000 [09:14<02:06,  3.31it/s]
PartitionExplainer explainer:  79%|███████▉  | 1581/2000 [09:15<02:04,  3.37it/s]
PartitionExplainer explainer:  79%|███████▉  | 1582/2000 [09:15<01:56,  3.59it/s]
PartitionExplainer explainer:  79%|███████▉  | 1583/2000 [09:15<01:42,  4.07it/s]
PartitionExplainer explainer:  79%|███████▉  | 1584/2000 [09:15<01:32,  4.48it/s]
PartitionExplainer explainer:  79%|███████▉  | 1585/2000 [09:15<01:24,  4.88it/s]
PartitionExplainer explainer:  79%|███████▉  | 1586/2000 [09:16<01:19,  5.21it/s]
PartitionExplainer explainer:  79%|███████▉  | 1587/2000 [09:16<01:15,  5.46it/s]
PartitionExplainer explainer:  79%|███████▉  | 1588/2000 [09:16<01:33,  4.42it/s]
PartitionExplainer explainer:  79%|███████▉  | 1589/2000 [09:16<01:38,  4.19it/s]
PartitionExplainer explainer:  80%|███████▉  | 1590/2000 [09:17<01:45,  3.88it/s]
PartitionExplainer explainer:  80%|███████▉  | 1591/2000 [09:17<01:41,  4.03it/s]
PartitionExplainer explainer:  80%|███████▉  | 1592/2000 [09:17<01:35,  4.26it/s]
PartitionExplainer explainer:  80%|███████▉  | 1593/2000 [09:17<01:28,  4.58it/s]
PartitionExplainer explainer:  80%|███████▉  | 1594/2000 [09:17<01:28,  4.57it/s]
PartitionExplainer explainer:  80%|███████▉  | 1595/2000 [09:18<01:25,  4.73it/s]
PartitionExplainer explainer:  80%|███████▉  | 1596/2000 [09:18<01:26,  4.68it/s]
PartitionExplainer explainer:  80%|███████▉  | 1597/2000 [09:18<01:29,  4.50it/s]
PartitionExplainer explainer:  80%|███████▉  | 1598/2000 [09:18<01:30,  4.45it/s]
PartitionExplainer explainer:  80%|███████▉  | 1599/2000 [09:19<01:53,  3.53it/s]
PartitionExplainer explainer:  80%|████████  | 1600/2000 [09:19<02:39,  2.50it/s]
PartitionExplainer explainer:  80%|████████  | 1601/2000 [09:20<03:12,  2.07it/s]
PartitionExplainer explainer:  80%|████████  | 1602/2000 [09:21<03:15,  2.03it/s]
PartitionExplainer explainer:  80%|████████  | 1603/2000 [09:21<03:08,  2.11it/s]
PartitionExplainer explainer:  80%|████████  | 1604/2000 [09:21<02:55,  2.26it/s]
PartitionExplainer explainer:  80%|████████  | 1605/2000 [09:22<02:42,  2.43it/s]
PartitionExplainer explainer:  80%|████████  | 1606/2000 [09:22<02:25,  2.70it/s]
PartitionExplainer explainer:  80%|████████  | 1607/2000 [09:22<02:11,  2.99it/s]
PartitionExplainer explainer:  80%|████████  | 1608/2000 [09:23<02:09,  3.04it/s]
PartitionExplainer explainer:  80%|████████  | 1609/2000 [09:23<02:53,  2.25it/s]
PartitionExplainer explainer:  80%|████████  | 1610/2000 [09:24<03:01,  2.15it/s]
PartitionExplainer explainer:  81%|████████  | 1611/2000 [09:24<02:58,  2.18it/s]
PartitionExplainer explainer:  81%|████████  | 1612/2000 [09:25<02:50,  2.27it/s]
PartitionExplainer explainer:  81%|████████  | 1613/2000 [09:25<03:22,  1.91it/s]
PartitionExplainer explainer:  81%|████████  | 1614/2000 [09:26<03:44,  1.72it/s]
PartitionExplainer explainer:  81%|████████  | 1615/2000 [09:27<04:00,  1.60it/s]
PartitionExplainer explainer:  81%|████████  | 1616/2000 [09:28<04:09,  1.54it/s]
PartitionExplainer explainer:  81%|████████  | 1617/2000 [09:28<04:16,  1.50it/s]
PartitionExplainer explainer:  81%|████████  | 1618/2000 [09:29<04:20,  1.46it/s]
PartitionExplainer explainer:  81%|████████  | 1619/2000 [09:30<04:24,  1.44it/s]
PartitionExplainer explainer:  81%|████████  | 1620/2000 [09:30<04:26,  1.43it/s]
PartitionExplainer explainer:  81%|████████  | 1621/2000 [09:31<04:27,  1.42it/s]
PartitionExplainer explainer:  81%|████████  | 1622/2000 [09:32<04:27,  1.41it/s]
PartitionExplainer explainer:  81%|████████  | 1623/2000 [09:32<03:58,  1.58it/s]
PartitionExplainer explainer:  81%|████████  | 1624/2000 [09:33<03:22,  1.86it/s]
PartitionExplainer explainer:  81%|████████▏ | 1625/2000 [09:33<02:55,  2.13it/s]
PartitionExplainer explainer:  81%|████████▏ | 1626/2000 [09:33<02:21,  2.65it/s]
PartitionExplainer explainer:  81%|████████▏ | 1627/2000 [09:33<01:56,  3.19it/s]
PartitionExplainer explainer:  81%|████████▏ | 1628/2000 [09:33<01:40,  3.72it/s]
PartitionExplainer explainer:  81%|████████▏ | 1629/2000 [09:34<01:28,  4.22it/s]
PartitionExplainer explainer:  82%|████████▏ | 1630/2000 [09:34<01:27,  4.25it/s]
PartitionExplainer explainer:  82%|████████▏ | 1631/2000 [09:34<01:22,  4.46it/s]
PartitionExplainer explainer:  82%|████████▏ | 1632/2000 [09:34<01:16,  4.78it/s]
PartitionExplainer explainer:  82%|████████▏ | 1633/2000 [09:34<01:13,  4.96it/s]
PartitionExplainer explainer:  82%|████████▏ | 1634/2000 [09:35<01:09,  5.24it/s]
PartitionExplainer explainer:  82%|████████▏ | 1635/2000 [09:35<01:27,  4.15it/s]
PartitionExplainer explainer:  82%|████████▏ | 1636/2000 [09:35<01:36,  3.78it/s]
PartitionExplainer explainer:  82%|████████▏ | 1637/2000 [09:36<01:48,  3.35it/s]
PartitionExplainer explainer:  82%|████████▏ | 1638/2000 [09:36<01:56,  3.12it/s]
PartitionExplainer explainer:  82%|████████▏ | 1639/2000 [09:36<02:01,  2.98it/s]
PartitionExplainer explainer:  82%|████████▏ | 1640/2000 [09:37<01:59,  3.01it/s]
PartitionExplainer explainer:  82%|████████▏ | 1641/2000 [09:37<02:04,  2.88it/s]
PartitionExplainer explainer:  82%|████████▏ | 1642/2000 [09:37<02:04,  2.87it/s]
PartitionExplainer explainer:  82%|████████▏ | 1643/2000 [09:38<02:05,  2.85it/s]
PartitionExplainer explainer:  82%|████████▏ | 1644/2000 [09:38<02:42,  2.19it/s]
PartitionExplainer explainer:  82%|████████▏ | 1645/2000 [09:39<02:39,  2.23it/s]
PartitionExplainer explainer:  82%|████████▏ | 1646/2000 [09:39<02:33,  2.31it/s]
PartitionExplainer explainer:  82%|████████▏ | 1647/2000 [09:40<02:13,  2.64it/s]
PartitionExplainer explainer:  82%|████████▏ | 1648/2000 [09:40<01:59,  2.95it/s]
PartitionExplainer explainer:  82%|████████▏ | 1649/2000 [09:40<01:49,  3.21it/s]
PartitionExplainer explainer:  82%|████████▎ | 1650/2000 [09:40<01:48,  3.23it/s]
PartitionExplainer explainer:  83%|████████▎ | 1651/2000 [09:41<02:01,  2.87it/s]
PartitionExplainer explainer:  83%|████████▎ | 1652/2000 [09:41<02:07,  2.72it/s]
PartitionExplainer explainer:  83%|████████▎ | 1653/2000 [09:42<02:10,  2.66it/s]
PartitionExplainer explainer:  83%|████████▎ | 1654/2000 [09:42<01:56,  2.96it/s]
PartitionExplainer explainer:  83%|████████▎ | 1655/2000 [09:42<01:53,  3.04it/s]
PartitionExplainer explainer:  83%|████████▎ | 1656/2000 [09:42<01:49,  3.13it/s]
PartitionExplainer explainer:  83%|████████▎ | 1657/2000 [09:43<01:44,  3.27it/s]
PartitionExplainer explainer:  83%|████████▎ | 1658/2000 [09:43<02:05,  2.73it/s]
PartitionExplainer explainer:  83%|████████▎ | 1659/2000 [09:44<02:20,  2.42it/s]
PartitionExplainer explainer:  83%|████████▎ | 1660/2000 [09:44<02:28,  2.29it/s]
PartitionExplainer explainer:  83%|████████▎ | 1661/2000 [09:44<02:04,  2.71it/s]
PartitionExplainer explainer:  83%|████████▎ | 1662/2000 [09:45<01:46,  3.17it/s]
PartitionExplainer explainer:  83%|████████▎ | 1663/2000 [09:45<01:32,  3.63it/s]
PartitionExplainer explainer:  83%|████████▎ | 1664/2000 [09:45<01:23,  4.04it/s]
PartitionExplainer explainer:  83%|████████▎ | 1665/2000 [09:45<01:16,  4.38it/s]
PartitionExplainer explainer:  83%|████████▎ | 1666/2000 [09:45<01:14,  4.50it/s]
PartitionExplainer explainer:  83%|████████▎ | 1667/2000 [09:46<01:15,  4.39it/s]
PartitionExplainer explainer:  83%|████████▎ | 1668/2000 [09:46<01:09,  4.79it/s]
PartitionExplainer explainer:  83%|████████▎ | 1669/2000 [09:46<01:04,  5.11it/s]
PartitionExplainer explainer:  84%|████████▎ | 1670/2000 [09:46<01:01,  5.37it/s]
PartitionExplainer explainer:  84%|████████▎ | 1671/2000 [09:46<00:59,  5.56it/s]
PartitionExplainer explainer:  84%|████████▎ | 1672/2000 [09:47<01:14,  4.41it/s]
PartitionExplainer explainer:  84%|████████▎ | 1673/2000 [09:47<01:18,  4.14it/s]
PartitionExplainer explainer:  84%|████████▎ | 1674/2000 [09:47<01:25,  3.82it/s]
PartitionExplainer explainer:  84%|████████▍ | 1675/2000 [09:47<01:22,  3.95it/s]
PartitionExplainer explainer:  84%|████████▍ | 1676/2000 [09:48<01:17,  4.17it/s]
PartitionExplainer explainer:  84%|████████▍ | 1677/2000 [09:48<01:30,  3.56it/s]
PartitionExplainer explainer:  84%|████████▍ | 1678/2000 [09:49<01:49,  2.93it/s]
PartitionExplainer explainer:  84%|████████▍ | 1679/2000 [09:49<02:25,  2.21it/s]
PartitionExplainer explainer:  84%|████████▍ | 1680/2000 [09:49<02:02,  2.62it/s]
PartitionExplainer explainer:  84%|████████▍ | 1681/2000 [09:50<01:44,  3.06it/s]
PartitionExplainer explainer:  84%|████████▍ | 1682/2000 [09:50<01:33,  3.41it/s]
PartitionExplainer explainer:  84%|████████▍ | 1683/2000 [09:51<02:10,  2.43it/s]
PartitionExplainer explainer:  84%|████████▍ | 1684/2000 [09:51<02:11,  2.39it/s]
PartitionExplainer explainer:  84%|████████▍ | 1685/2000 [09:51<02:05,  2.52it/s]
PartitionExplainer explainer:  84%|████████▍ | 1686/2000 [09:52<01:57,  2.68it/s]
PartitionExplainer explainer:  84%|████████▍ | 1687/2000 [09:52<01:54,  2.74it/s]
PartitionExplainer explainer:  84%|████████▍ | 1688/2000 [09:52<01:45,  2.96it/s]
PartitionExplainer explainer:  84%|████████▍ | 1689/2000 [09:53<01:36,  3.21it/s]
PartitionExplainer explainer:  84%|████████▍ | 1690/2000 [09:53<01:46,  2.92it/s]
PartitionExplainer explainer:  85%|████████▍ | 1691/2000 [09:53<01:52,  2.75it/s]
PartitionExplainer explainer:  85%|████████▍ | 1692/2000 [09:54<01:57,  2.63it/s]
PartitionExplainer explainer:  85%|████████▍ | 1693/2000 [09:54<01:43,  2.98it/s]
PartitionExplainer explainer:  85%|████████▍ | 1694/2000 [09:54<01:33,  3.28it/s]
PartitionExplainer explainer:  85%|████████▍ | 1695/2000 [09:54<01:24,  3.62it/s]
PartitionExplainer explainer:  85%|████████▍ | 1696/2000 [09:55<01:22,  3.67it/s]
PartitionExplainer explainer:  85%|████████▍ | 1697/2000 [09:55<01:22,  3.67it/s]
PartitionExplainer explainer:  85%|████████▍ | 1698/2000 [09:55<01:23,  3.62it/s]
PartitionExplainer explainer:  85%|████████▍ | 1699/2000 [09:56<01:24,  3.58it/s]
PartitionExplainer explainer:  85%|████████▌ | 1700/2000 [09:56<01:15,  3.99it/s]
PartitionExplainer explainer:  85%|████████▌ | 1701/2000 [09:56<01:09,  4.30it/s]
PartitionExplainer explainer:  85%|████████▌ | 1702/2000 [09:56<01:05,  4.58it/s]
PartitionExplainer explainer:  85%|████████▌ | 1703/2000 [09:56<01:01,  4.80it/s]
PartitionExplainer explainer:  85%|████████▌ | 1704/2000 [09:56<00:57,  5.11it/s]
PartitionExplainer explainer:  85%|████████▌ | 1705/2000 [09:57<00:56,  5.20it/s]
PartitionExplainer explainer:  85%|████████▌ | 1706/2000 [09:57<00:58,  5.06it/s]
PartitionExplainer explainer:  85%|████████▌ | 1707/2000 [09:57<00:56,  5.16it/s]
PartitionExplainer explainer:  85%|████████▌ | 1708/2000 [09:57<00:55,  5.24it/s]
PartitionExplainer explainer:  85%|████████▌ | 1709/2000 [09:57<00:54,  5.30it/s]
PartitionExplainer explainer:  86%|████████▌ | 1710/2000 [09:58<00:54,  5.35it/s]
PartitionExplainer explainer:  86%|████████▌ | 1711/2000 [09:58<00:53,  5.38it/s]
PartitionExplainer explainer:  86%|████████▌ | 1712/2000 [09:58<00:53,  5.36it/s]
PartitionExplainer explainer:  86%|████████▌ | 1713/2000 [09:58<01:10,  4.10it/s]
PartitionExplainer explainer:  86%|████████▌ | 1714/2000 [09:59<01:17,  3.67it/s]
PartitionExplainer explainer:  86%|████████▌ | 1715/2000 [09:59<01:20,  3.53it/s]
PartitionExplainer explainer:  86%|████████▌ | 1716/2000 [09:59<01:15,  3.74it/s]
PartitionExplainer explainer:  86%|████████▌ | 1717/2000 [09:59<01:10,  4.01it/s]
PartitionExplainer explainer:  86%|████████▌ | 1718/2000 [10:00<01:04,  4.35it/s]
PartitionExplainer explainer:  86%|████████▌ | 1719/2000 [10:00<01:03,  4.44it/s]
PartitionExplainer explainer:  86%|████████▌ | 1720/2000 [10:00<01:00,  4.60it/s]
PartitionExplainer explainer:  86%|████████▌ | 1721/2000 [10:00<01:01,  4.57it/s]
PartitionExplainer explainer:  86%|████████▌ | 1722/2000 [10:01<01:06,  4.16it/s]
PartitionExplainer explainer:  86%|████████▌ | 1723/2000 [10:01<01:03,  4.33it/s]
PartitionExplainer explainer:  86%|████████▌ | 1724/2000 [10:01<00:59,  4.62it/s]
PartitionExplainer explainer:  86%|████████▋ | 1725/2000 [10:01<00:56,  4.84it/s]
PartitionExplainer explainer:  86%|████████▋ | 1726/2000 [10:02<01:13,  3.74it/s]
PartitionExplainer explainer:  86%|████████▋ | 1727/2000 [10:02<01:24,  3.22it/s]
PartitionExplainer explainer:  86%|████████▋ | 1728/2000 [10:02<01:29,  3.03it/s]
PartitionExplainer explainer:  86%|████████▋ | 1729/2000 [10:03<01:27,  3.09it/s]
PartitionExplainer explainer:  86%|████████▋ | 1730/2000 [10:03<01:24,  3.20it/s]
PartitionExplainer explainer:  87%|████████▋ | 1731/2000 [10:03<01:20,  3.33it/s]
PartitionExplainer explainer:  87%|████████▋ | 1732/2000 [10:03<01:17,  3.46it/s]
PartitionExplainer explainer:  87%|████████▋ | 1733/2000 [10:04<01:13,  3.61it/s]
PartitionExplainer explainer:  87%|████████▋ | 1734/2000 [10:04<01:04,  4.10it/s]
PartitionExplainer explainer:  87%|████████▋ | 1735/2000 [10:04<01:16,  3.47it/s]
PartitionExplainer explainer:  87%|████████▋ | 1736/2000 [10:05<01:20,  3.27it/s]
PartitionExplainer explainer:  87%|████████▋ | 1737/2000 [10:05<01:27,  3.02it/s]
PartitionExplainer explainer:  87%|████████▋ | 1738/2000 [10:05<01:28,  2.98it/s]
PartitionExplainer explainer:  87%|████████▋ | 1739/2000 [10:06<01:28,  2.95it/s]
PartitionExplainer explainer:  87%|████████▋ | 1740/2000 [10:06<01:28,  2.93it/s]
PartitionExplainer explainer:  87%|████████▋ | 1741/2000 [10:07<01:46,  2.43it/s]
PartitionExplainer explainer:  87%|████████▋ | 1742/2000 [10:07<01:53,  2.27it/s]
PartitionExplainer explainer:  87%|████████▋ | 1743/2000 [10:08<01:56,  2.21it/s]
PartitionExplainer explainer:  87%|████████▋ | 1744/2000 [10:08<01:57,  2.17it/s]
PartitionExplainer explainer:  87%|████████▋ | 1745/2000 [10:08<01:40,  2.54it/s]
PartitionExplainer explainer:  87%|████████▋ | 1746/2000 [10:09<01:25,  2.96it/s]
PartitionExplainer explainer:  87%|████████▋ | 1747/2000 [10:09<01:18,  3.23it/s]
PartitionExplainer explainer:  87%|████████▋ | 1748/2000 [10:09<01:12,  3.46it/s]
PartitionExplainer explainer:  87%|████████▋ | 1749/2000 [10:09<01:10,  3.54it/s]
PartitionExplainer explainer:  88%|████████▊ | 1750/2000 [10:10<01:31,  2.72it/s]
PartitionExplainer explainer:  88%|████████▊ | 1751/2000 [10:10<01:25,  2.91it/s]
PartitionExplainer explainer:  88%|████████▊ | 1752/2000 [10:10<01:23,  2.97it/s]
PartitionExplainer explainer:  88%|████████▊ | 1753/2000 [10:11<01:16,  3.22it/s]
PartitionExplainer explainer:  88%|████████▊ | 1754/2000 [10:11<01:10,  3.48it/s]
PartitionExplainer explainer:  88%|████████▊ | 1755/2000 [10:11<01:06,  3.70it/s]
PartitionExplainer explainer:  88%|████████▊ | 1756/2000 [10:11<01:05,  3.72it/s]
PartitionExplainer explainer:  88%|████████▊ | 1757/2000 [10:12<01:05,  3.73it/s]
PartitionExplainer explainer:  88%|████████▊ | 1758/2000 [10:12<01:06,  3.66it/s]
PartitionExplainer explainer:  88%|████████▊ | 1759/2000 [10:12<01:06,  3.62it/s]
PartitionExplainer explainer:  88%|████████▊ | 1760/2000 [10:12<01:00,  3.96it/s]
PartitionExplainer explainer:  88%|████████▊ | 1761/2000 [10:13<00:57,  4.18it/s]
PartitionExplainer explainer:  88%|████████▊ | 1762/2000 [10:13<01:20,  2.97it/s]
PartitionExplainer explainer:  88%|████████▊ | 1763/2000 [10:14<01:32,  2.57it/s]
PartitionExplainer explainer:  88%|████████▊ | 1764/2000 [10:14<01:38,  2.41it/s]
PartitionExplainer explainer:  88%|████████▊ | 1765/2000 [10:15<01:34,  2.49it/s]
PartitionExplainer explainer:  88%|████████▊ | 1766/2000 [10:15<01:32,  2.52it/s]
PartitionExplainer explainer:  88%|████████▊ | 1767/2000 [10:15<01:30,  2.58it/s]
PartitionExplainer explainer:  88%|████████▊ | 1768/2000 [10:16<01:28,  2.63it/s]
PartitionExplainer explainer:  88%|████████▊ | 1769/2000 [10:16<01:26,  2.66it/s]
PartitionExplainer explainer:  88%|████████▊ | 1770/2000 [10:16<01:26,  2.67it/s]
PartitionExplainer explainer:  89%|████████▊ | 1771/2000 [10:17<01:25,  2.67it/s]
PartitionExplainer explainer:  89%|████████▊ | 1772/2000 [10:17<01:12,  3.16it/s]
PartitionExplainer explainer:  89%|████████▊ | 1773/2000 [10:17<01:01,  3.70it/s]
PartitionExplainer explainer:  89%|████████▊ | 1774/2000 [10:17<00:53,  4.19it/s]
PartitionExplainer explainer:  89%|████████▉ | 1775/2000 [10:17<00:48,  4.63it/s]
PartitionExplainer explainer:  89%|████████▉ | 1776/2000 [10:18<00:44,  4.99it/s]
PartitionExplainer explainer:  89%|████████▉ | 1777/2000 [10:18<00:49,  4.52it/s]
PartitionExplainer explainer:  89%|████████▉ | 1778/2000 [10:18<00:55,  4.02it/s]
PartitionExplainer explainer:  89%|████████▉ | 1779/2000 [10:18<00:56,  3.93it/s]
PartitionExplainer explainer:  89%|████████▉ | 1780/2000 [10:19<00:57,  3.85it/s]
PartitionExplainer explainer:  89%|████████▉ | 1781/2000 [10:19<00:57,  3.80it/s]
PartitionExplainer explainer:  89%|████████▉ | 1782/2000 [10:19<00:59,  3.66it/s]
PartitionExplainer explainer:  89%|████████▉ | 1783/2000 [10:20<00:59,  3.67it/s]
PartitionExplainer explainer:  89%|████████▉ | 1784/2000 [10:20<01:01,  3.50it/s]
PartitionExplainer explainer:  89%|████████▉ | 1785/2000 [10:21<01:22,  2.62it/s]
PartitionExplainer explainer:  89%|████████▉ | 1786/2000 [10:21<01:33,  2.28it/s]
PartitionExplainer explainer:  89%|████████▉ | 1787/2000 [10:21<01:27,  2.43it/s]
PartitionExplainer explainer:  89%|████████▉ | 1788/2000 [10:22<01:18,  2.70it/s]
PartitionExplainer explainer:  89%|████████▉ | 1789/2000 [10:22<01:10,  2.98it/s]
PartitionExplainer explainer:  90%|████████▉ | 1790/2000 [10:22<01:03,  3.28it/s]
PartitionExplainer explainer:  90%|████████▉ | 1791/2000 [10:22<01:02,  3.35it/s]
PartitionExplainer explainer:  90%|████████▉ | 1792/2000 [10:23<01:01,  3.40it/s]
PartitionExplainer explainer:  90%|████████▉ | 1793/2000 [10:23<01:01,  3.34it/s]
PartitionExplainer explainer:  90%|████████▉ | 1794/2000 [10:24<01:25,  2.42it/s]
PartitionExplainer explainer:  90%|████████▉ | 1795/2000 [10:24<01:16,  2.67it/s]
PartitionExplainer explainer:  90%|████████▉ | 1796/2000 [10:24<01:12,  2.80it/s]
PartitionExplainer explainer:  90%|████████▉ | 1797/2000 [10:25<01:05,  3.08it/s]
PartitionExplainer explainer:  90%|████████▉ | 1798/2000 [10:25<00:59,  3.37it/s]
PartitionExplainer explainer:  90%|████████▉ | 1799/2000 [10:25<00:54,  3.71it/s]
PartitionExplainer explainer:  90%|█████████ | 1800/2000 [10:25<01:01,  3.28it/s]
PartitionExplainer explainer:  90%|█████████ | 1801/2000 [10:26<01:03,  3.12it/s]
PartitionExplainer explainer:  90%|█████████ | 1802/2000 [10:26<00:58,  3.39it/s]
PartitionExplainer explainer:  90%|█████████ | 1803/2000 [10:26<00:52,  3.72it/s]
PartitionExplainer explainer:  90%|█████████ | 1804/2000 [10:26<00:47,  4.11it/s]
PartitionExplainer explainer:  90%|█████████ | 1805/2000 [10:27<00:46,  4.23it/s]
PartitionExplainer explainer:  90%|█████████ | 1806/2000 [10:27<00:44,  4.35it/s]
PartitionExplainer explainer:  90%|█████████ | 1807/2000 [10:27<00:58,  3.31it/s]
PartitionExplainer explainer:  90%|█████████ | 1808/2000 [10:28<01:07,  2.85it/s]
PartitionExplainer explainer:  90%|█████████ | 1809/2000 [10:28<01:04,  2.97it/s]
PartitionExplainer explainer:  90%|█████████ | 1810/2000 [10:28<00:59,  3.18it/s]
PartitionExplainer explainer:  91%|█████████ | 1811/2000 [10:29<00:55,  3.43it/s]
PartitionExplainer explainer:  91%|█████████ | 1812/2000 [10:29<00:49,  3.76it/s]
PartitionExplainer explainer:  91%|█████████ | 1813/2000 [10:29<00:49,  3.78it/s]
PartitionExplainer explainer:  91%|█████████ | 1814/2000 [10:30<01:00,  3.07it/s]
PartitionExplainer explainer:  91%|█████████ | 1815/2000 [10:30<01:06,  2.80it/s]
PartitionExplainer explainer:  91%|█████████ | 1816/2000 [10:30<01:08,  2.70it/s]
PartitionExplainer explainer:  91%|█████████ | 1817/2000 [10:31<01:01,  3.00it/s]
PartitionExplainer explainer:  91%|█████████ | 1818/2000 [10:31<00:53,  3.38it/s]
PartitionExplainer explainer:  91%|█████████ | 1819/2000 [10:31<00:47,  3.81it/s]
PartitionExplainer explainer:  91%|█████████ | 1820/2000 [10:31<00:44,  4.02it/s]
PartitionExplainer explainer:  91%|█████████ | 1821/2000 [10:32<00:50,  3.53it/s]
PartitionExplainer explainer:  91%|█████████ | 1822/2000 [10:32<00:54,  3.28it/s]
PartitionExplainer explainer:  91%|█████████ | 1823/2000 [10:32<00:56,  3.12it/s]
PartitionExplainer explainer:  91%|█████████ | 1824/2000 [10:33<00:51,  3.39it/s]
PartitionExplainer explainer:  91%|█████████▏| 1825/2000 [10:33<00:47,  3.71it/s]
PartitionExplainer explainer:  91%|█████████▏| 1826/2000 [10:33<00:42,  4.07it/s]
PartitionExplainer explainer:  91%|█████████▏| 1827/2000 [10:33<00:41,  4.21it/s]
PartitionExplainer explainer:  91%|█████████▏| 1828/2000 [10:33<00:38,  4.43it/s]
PartitionExplainer explainer:  91%|█████████▏| 1829/2000 [10:34<00:38,  4.49it/s]
PartitionExplainer explainer:  92%|█████████▏| 1830/2000 [10:34<00:38,  4.37it/s]
PartitionExplainer explainer:  92%|█████████▏| 1831/2000 [10:34<00:35,  4.77it/s]
PartitionExplainer explainer:  92%|█████████▏| 1832/2000 [10:34<00:41,  4.02it/s]
PartitionExplainer explainer:  92%|█████████▏| 1833/2000 [10:35<00:43,  3.86it/s]
PartitionExplainer explainer:  92%|█████████▏| 1834/2000 [10:35<00:45,  3.65it/s]
PartitionExplainer explainer:  92%|█████████▏| 1835/2000 [10:35<00:43,  3.82it/s]
PartitionExplainer explainer:  92%|█████████▏| 1836/2000 [10:35<00:44,  3.70it/s]
PartitionExplainer explainer:  92%|█████████▏| 1837/2000 [10:36<00:43,  3.78it/s]
PartitionExplainer explainer:  92%|█████████▏| 1838/2000 [10:36<00:44,  3.67it/s]
PartitionExplainer explainer:  92%|█████████▏| 1839/2000 [10:36<00:43,  3.70it/s]
PartitionExplainer explainer:  92%|█████████▏| 1840/2000 [10:37<00:43,  3.65it/s]
PartitionExplainer explainer:  92%|█████████▏| 1841/2000 [10:37<00:45,  3.52it/s]
PartitionExplainer explainer:  92%|█████████▏| 1842/2000 [10:37<00:41,  3.80it/s]
PartitionExplainer explainer:  92%|█████████▏| 1843/2000 [10:37<00:40,  3.90it/s]
PartitionExplainer explainer:  92%|█████████▏| 1844/2000 [10:38<00:40,  3.87it/s]
PartitionExplainer explainer:  92%|█████████▏| 1845/2000 [10:38<00:40,  3.84it/s]
PartitionExplainer explainer:  92%|█████████▏| 1846/2000 [10:38<00:36,  4.22it/s]
PartitionExplainer explainer:  92%|█████████▏| 1847/2000 [10:38<00:32,  4.64it/s]
PartitionExplainer explainer:  92%|█████████▏| 1848/2000 [10:38<00:31,  4.77it/s]
PartitionExplainer explainer:  92%|█████████▏| 1849/2000 [10:39<00:37,  4.05it/s]
PartitionExplainer explainer:  92%|█████████▎| 1850/2000 [10:39<00:39,  3.81it/s]
PartitionExplainer explainer:  93%|█████████▎| 1851/2000 [10:39<00:39,  3.80it/s]
PartitionExplainer explainer:  93%|█████████▎| 1852/2000 [10:40<00:39,  3.79it/s]
PartitionExplainer explainer:  93%|█████████▎| 1853/2000 [10:40<00:36,  4.01it/s]
PartitionExplainer explainer:  93%|█████████▎| 1854/2000 [10:40<00:33,  4.35it/s]
PartitionExplainer explainer:  93%|█████████▎| 1855/2000 [10:40<00:35,  4.11it/s]
PartitionExplainer explainer:  93%|█████████▎| 1856/2000 [10:40<00:34,  4.12it/s]
PartitionExplainer explainer:  93%|█████████▎| 1857/2000 [10:41<00:34,  4.12it/s]
PartitionExplainer explainer:  93%|█████████▎| 1858/2000 [10:41<00:35,  4.01it/s]
PartitionExplainer explainer:  93%|█████████▎| 1859/2000 [10:41<00:31,  4.46it/s]
PartitionExplainer explainer:  93%|█████████▎| 1860/2000 [10:41<00:29,  4.71it/s]
PartitionExplainer explainer:  93%|█████████▎| 1861/2000 [10:42<00:29,  4.73it/s]
PartitionExplainer explainer:  93%|█████████▎| 1862/2000 [10:42<00:27,  4.93it/s]
PartitionExplainer explainer:  93%|█████████▎| 1863/2000 [10:42<00:26,  5.08it/s]
PartitionExplainer explainer:  93%|█████████▎| 1864/2000 [10:42<00:35,  3.88it/s]
PartitionExplainer explainer:  93%|█████████▎| 1865/2000 [10:43<00:41,  3.28it/s]
PartitionExplainer explainer:  93%|█████████▎| 1866/2000 [10:43<00:48,  2.79it/s]
PartitionExplainer explainer:  93%|█████████▎| 1867/2000 [10:44<00:53,  2.48it/s]
PartitionExplainer explainer:  93%|█████████▎| 1868/2000 [10:44<00:57,  2.31it/s]
PartitionExplainer explainer:  93%|█████████▎| 1869/2000 [10:45<01:00,  2.17it/s]
PartitionExplainer explainer:  94%|█████████▎| 1870/2000 [10:45<01:01,  2.10it/s]
PartitionExplainer explainer:  94%|█████████▎| 1871/2000 [10:46<01:02,  2.05it/s]
PartitionExplainer explainer:  94%|█████████▎| 1872/2000 [10:46<01:04,  1.99it/s]
PartitionExplainer explainer:  94%|█████████▎| 1873/2000 [10:47<01:12,  1.76it/s]
PartitionExplainer explainer:  94%|█████████▎| 1874/2000 [10:48<01:16,  1.64it/s]
PartitionExplainer explainer:  94%|█████████▍| 1875/2000 [10:48<01:10,  1.78it/s]
PartitionExplainer explainer:  94%|█████████▍| 1876/2000 [10:48<01:01,  2.00it/s]
PartitionExplainer explainer:  94%|█████████▍| 1877/2000 [10:49<00:54,  2.28it/s]
PartitionExplainer explainer:  94%|█████████▍| 1878/2000 [10:49<00:50,  2.43it/s]
PartitionExplainer explainer:  94%|█████████▍| 1879/2000 [10:49<00:44,  2.70it/s]
PartitionExplainer explainer:  94%|█████████▍| 1880/2000 [10:50<00:40,  2.98it/s]
PartitionExplainer explainer:  94%|█████████▍| 1881/2000 [10:50<00:36,  3.28it/s]
PartitionExplainer explainer:  94%|█████████▍| 1882/2000 [10:50<00:35,  3.34it/s]
PartitionExplainer explainer:  94%|█████████▍| 1883/2000 [10:50<00:32,  3.55it/s]
PartitionExplainer explainer:  94%|█████████▍| 1884/2000 [10:51<00:28,  4.07it/s]
PartitionExplainer explainer:  94%|█████████▍| 1885/2000 [10:51<00:25,  4.52it/s]
PartitionExplainer explainer:  94%|█████████▍| 1886/2000 [10:51<00:23,  4.91it/s]
PartitionExplainer explainer:  94%|█████████▍| 1887/2000 [10:51<00:27,  4.12it/s]
PartitionExplainer explainer:  94%|█████████▍| 1888/2000 [10:52<00:28,  3.97it/s]
PartitionExplainer explainer:  94%|█████████▍| 1889/2000 [10:52<00:29,  3.73it/s]
PartitionExplainer explainer:  94%|█████████▍| 1890/2000 [10:52<00:28,  3.89it/s]
PartitionExplainer explainer:  95%|█████████▍| 1891/2000 [10:52<00:26,  4.13it/s]
PartitionExplainer explainer:  95%|█████████▍| 1892/2000 [10:52<00:24,  4.42it/s]
PartitionExplainer explainer:  95%|█████████▍| 1893/2000 [10:53<00:23,  4.46it/s]
PartitionExplainer explainer:  95%|█████████▍| 1894/2000 [10:53<00:22,  4.62it/s]
PartitionExplainer explainer:  95%|█████████▍| 1895/2000 [10:53<00:22,  4.62it/s]
PartitionExplainer explainer:  95%|█████████▍| 1896/2000 [10:53<00:23,  4.46it/s]
PartitionExplainer explainer:  95%|█████████▍| 1897/2000 [10:54<00:26,  3.88it/s]
PartitionExplainer explainer:  95%|█████████▍| 1898/2000 [10:54<00:26,  3.80it/s]
PartitionExplainer explainer:  95%|█████████▍| 1899/2000 [10:54<00:28,  3.59it/s]
PartitionExplainer explainer:  95%|█████████▌| 1900/2000 [10:55<00:27,  3.59it/s]
PartitionExplainer explainer:  95%|█████████▌| 1901/2000 [10:55<00:26,  3.70it/s]
PartitionExplainer explainer:  95%|█████████▌| 1902/2000 [10:55<00:25,  3.86it/s]
PartitionExplainer explainer:  95%|█████████▌| 1903/2000 [10:56<00:33,  2.91it/s]
PartitionExplainer explainer:  95%|█████████▌| 1904/2000 [10:56<00:37,  2.54it/s]
PartitionExplainer explainer:  95%|█████████▌| 1905/2000 [10:57<00:40,  2.34it/s]
PartitionExplainer explainer:  95%|█████████▌| 1906/2000 [10:57<00:42,  2.22it/s]
PartitionExplainer explainer:  95%|█████████▌| 1907/2000 [10:57<00:38,  2.44it/s]
PartitionExplainer explainer:  95%|█████████▌| 1908/2000 [10:58<00:34,  2.66it/s]
PartitionExplainer explainer:  95%|█████████▌| 1909/2000 [10:58<00:32,  2.84it/s]
PartitionExplainer explainer:  96%|█████████▌| 1910/2000 [10:58<00:28,  3.11it/s]
PartitionExplainer explainer:  96%|█████████▌| 1911/2000 [10:59<00:28,  3.10it/s]
PartitionExplainer explainer:  96%|█████████▌| 1912/2000 [10:59<00:29,  3.02it/s]
PartitionExplainer explainer:  96%|█████████▌| 1913/2000 [10:59<00:25,  3.40it/s]
PartitionExplainer explainer:  96%|█████████▌| 1914/2000 [10:59<00:23,  3.72it/s]
PartitionExplainer explainer:  96%|█████████▌| 1915/2000 [11:00<00:21,  4.00it/s]
PartitionExplainer explainer:  96%|█████████▌| 1916/2000 [11:00<00:19,  4.21it/s]
PartitionExplainer explainer:  96%|█████████▌| 1917/2000 [11:00<00:18,  4.38it/s]
PartitionExplainer explainer:  96%|█████████▌| 1918/2000 [11:00<00:18,  4.50it/s]
PartitionExplainer explainer:  96%|█████████▌| 1919/2000 [11:00<00:17,  4.58it/s]
PartitionExplainer explainer:  96%|█████████▌| 1920/2000 [11:01<00:16,  4.81it/s]
PartitionExplainer explainer:  96%|█████████▌| 1921/2000 [11:01<00:15,  5.13it/s]
PartitionExplainer explainer:  96%|█████████▌| 1922/2000 [11:01<00:18,  4.21it/s]
PartitionExplainer explainer:  96%|█████████▌| 1923/2000 [11:01<00:19,  4.01it/s]
PartitionExplainer explainer:  96%|█████████▌| 1924/2000 [11:02<00:20,  3.75it/s]
PartitionExplainer explainer:  96%|█████████▋| 1925/2000 [11:02<00:19,  3.91it/s]
PartitionExplainer explainer:  96%|█████████▋| 1926/2000 [11:02<00:17,  4.14it/s]
PartitionExplainer explainer:  96%|█████████▋| 1927/2000 [11:02<00:16,  4.47it/s]
PartitionExplainer explainer:  96%|█████████▋| 1928/2000 [11:03<00:18,  3.97it/s]
PartitionExplainer explainer:  96%|█████████▋| 1929/2000 [11:03<00:18,  3.82it/s]
PartitionExplainer explainer:  96%|█████████▋| 1930/2000 [11:03<00:18,  3.72it/s]
PartitionExplainer explainer:  97%|█████████▋| 1931/2000 [11:03<00:19,  3.56it/s]
PartitionExplainer explainer:  97%|█████████▋| 1932/2000 [11:04<00:17,  3.80it/s]
PartitionExplainer explainer:  97%|█████████▋| 1933/2000 [11:04<00:16,  4.17it/s]
PartitionExplainer explainer:  97%|█████████▋| 1934/2000 [11:04<00:16,  4.00it/s]
PartitionExplainer explainer:  97%|█████████▋| 1935/2000 [11:04<00:16,  4.04it/s]
PartitionExplainer explainer:  97%|█████████▋| 1936/2000 [11:05<00:15,  4.06it/s]
PartitionExplainer explainer:  97%|█████████▋| 1937/2000 [11:05<00:15,  3.97it/s]
PartitionExplainer explainer:  97%|█████████▋| 1938/2000 [11:05<00:13,  4.44it/s]
PartitionExplainer explainer:  97%|█████████▋| 1939/2000 [11:05<00:12,  4.82it/s]
PartitionExplainer explainer:  97%|█████████▋| 1940/2000 [11:05<00:11,  5.13it/s]
PartitionExplainer explainer:  97%|█████████▋| 1941/2000 [11:06<00:10,  5.38it/s]
PartitionExplainer explainer:  97%|█████████▋| 1942/2000 [11:06<00:11,  5.03it/s]
PartitionExplainer explainer:  97%|█████████▋| 1943/2000 [11:06<00:11,  5.05it/s]
PartitionExplainer explainer:  97%|█████████▋| 1944/2000 [11:06<00:10,  5.24it/s]
PartitionExplainer explainer:  97%|█████████▋| 1945/2000 [11:06<00:10,  5.30it/s]
PartitionExplainer explainer:  97%|█████████▋| 1946/2000 [11:07<00:09,  5.50it/s]
PartitionExplainer explainer:  97%|█████████▋| 1947/2000 [11:07<00:09,  5.36it/s]
PartitionExplainer explainer:  97%|█████████▋| 1948/2000 [11:07<00:12,  4.31it/s]
PartitionExplainer explainer:  97%|█████████▋| 1949/2000 [11:07<00:12,  3.96it/s]
PartitionExplainer explainer:  98%|█████████▊| 1950/2000 [11:08<00:12,  3.89it/s]
PartitionExplainer explainer:  98%|█████████▊| 1951/2000 [11:08<00:12,  3.92it/s]
PartitionExplainer explainer:  98%|█████████▊| 1952/2000 [11:08<00:11,  4.14it/s]
PartitionExplainer explainer:  98%|█████████▊| 1953/2000 [11:08<00:10,  4.45it/s]
PartitionExplainer explainer:  98%|█████████▊| 1954/2000 [11:08<00:10,  4.49it/s]
PartitionExplainer explainer:  98%|█████████▊| 1955/2000 [11:09<00:09,  4.64it/s]
PartitionExplainer explainer:  98%|█████████▊| 1956/2000 [11:09<00:09,  4.59it/s]
PartitionExplainer explainer:  98%|█████████▊| 1957/2000 [11:09<00:09,  4.44it/s]
PartitionExplainer explainer:  98%|█████████▊| 1958/2000 [11:09<00:08,  4.81it/s]
PartitionExplainer explainer:  98%|█████████▊| 1959/2000 [11:10<00:08,  4.64it/s]
PartitionExplainer explainer:  98%|█████████▊| 1960/2000 [11:10<00:10,  3.76it/s]
PartitionExplainer explainer:  98%|█████████▊| 1961/2000 [11:10<00:10,  3.62it/s]
PartitionExplainer explainer:  98%|█████████▊| 1962/2000 [11:10<00:10,  3.66it/s]
PartitionExplainer explainer:  98%|█████████▊| 1963/2000 [11:11<00:10,  3.68it/s]
PartitionExplainer explainer:  98%|█████████▊| 1964/2000 [11:11<00:09,  3.91it/s]
PartitionExplainer explainer:  98%|█████████▊| 1965/2000 [11:11<00:08,  4.27it/s]
PartitionExplainer explainer:  98%|█████████▊| 1966/2000 [11:11<00:08,  4.24it/s]
PartitionExplainer explainer:  98%|█████████▊| 1967/2000 [11:12<00:07,  4.26it/s]
PartitionExplainer explainer:  98%|█████████▊| 1968/2000 [11:12<00:07,  4.29it/s]
PartitionExplainer explainer:  98%|█████████▊| 1969/2000 [11:12<00:07,  4.13it/s]
PartitionExplainer explainer:  98%|█████████▊| 1970/2000 [11:12<00:06,  4.58it/s]
PartitionExplainer explainer:  99%|█████████▊| 1971/2000 [11:12<00:05,  4.95it/s]
PartitionExplainer explainer:  99%|█████████▊| 1972/2000 [11:13<00:05,  5.25it/s]
PartitionExplainer explainer:  99%|█████████▊| 1973/2000 [11:13<00:04,  5.47it/s]
PartitionExplainer explainer:  99%|█████████▊| 1974/2000 [11:13<00:04,  5.64it/s]
PartitionExplainer explainer:  99%|█████████▉| 1975/2000 [11:13<00:04,  5.76it/s]
PartitionExplainer explainer:  99%|█████████▉| 1976/2000 [11:13<00:04,  5.86it/s]
PartitionExplainer explainer:  99%|█████████▉| 1977/2000 [11:13<00:03,  5.92it/s]
PartitionExplainer explainer:  99%|█████████▉| 1978/2000 [11:14<00:04,  4.57it/s]
PartitionExplainer explainer:  99%|█████████▉| 1979/2000 [11:14<00:04,  4.24it/s]
PartitionExplainer explainer:  99%|█████████▉| 1980/2000 [11:14<00:05,  3.88it/s]
PartitionExplainer explainer:  99%|█████████▉| 1981/2000 [11:15<00:04,  4.00it/s]
PartitionExplainer explainer:  99%|█████████▉| 1982/2000 [11:15<00:04,  4.22it/s]
PartitionExplainer explainer:  99%|█████████▉| 1983/2000 [11:15<00:03,  4.50it/s]
PartitionExplainer explainer:  99%|█████████▉| 1984/2000 [11:15<00:03,  4.53it/s]
PartitionExplainer explainer:  99%|█████████▉| 1985/2000 [11:16<00:03,  3.78it/s]
PartitionExplainer explainer:  99%|█████████▉| 1986/2000 [11:16<00:04,  3.43it/s]
PartitionExplainer explainer:  99%|█████████▉| 1987/2000 [11:16<00:04,  3.22it/s]
PartitionExplainer explainer:  99%|█████████▉| 1988/2000 [11:17<00:03,  3.48it/s]
PartitionExplainer explainer:  99%|█████████▉| 1989/2000 [11:17<00:02,  3.79it/s]
PartitionExplainer explainer: 100%|█████████▉| 1990/2000 [11:17<00:02,  4.13it/s]
PartitionExplainer explainer: 100%|█████████▉| 1991/2000 [11:17<00:02,  3.76it/s]
PartitionExplainer explainer: 100%|█████████▉| 1992/2000 [11:18<00:02,  3.66it/s]
PartitionExplainer explainer: 100%|█████████▉| 1993/2000 [11:18<00:01,  3.50it/s]
PartitionExplainer explainer: 100%|█████████▉| 1994/2000 [11:18<00:01,  3.50it/s]
PartitionExplainer explainer: 100%|█████████▉| 1995/2000 [11:18<00:01,  3.52it/s]
PartitionExplainer explainer: 100%|█████████▉| 1996/2000 [11:19<00:01,  3.64it/s]
PartitionExplainer explainer: 100%|█████████▉| 1997/2000 [11:19<00:00,  3.50it/s]
PartitionExplainer explainer: 100%|█████████▉| 1998/2000 [11:19<00:00,  3.50it/s]
PartitionExplainer explainer: 100%|█████████▉| 1999/2000 [11:20<00:00,  3.19it/s]
PartitionExplainer explainer: 100%|██████████| 2000/2000 [11:20<00:00,  3.13it/s]
PartitionExplainer explainer: 2001it [11:20,  3.42it/s]                          
PartitionExplainer explainer: 2001it [11:20,  2.94it/s]
[SHAP] cluster_centers shape: (10, 768)
Obtained cluster_centers from shap: (10, 768)

ConceptNet training:   0%|          | 0/6 [00:00<?, ?it/s]
ConceptNet training:  17%|█▋        | 1/6 [01:08<05:40, 68.17s/it]
ConceptNet training:  33%|███▎      | 2/6 [01:50<03:31, 52.83s/it]
ConceptNet training:  50%|█████     | 3/6 [02:37<02:30, 50.20s/it]
ConceptNet training:  67%|██████▋   | 4/6 [03:24<01:37, 48.87s/it]
ConceptNet training:  83%|████████▎ | 5/6 [04:11<00:48, 48.27s/it]
ConceptNet training: 100%|██████████| 6/6 [04:58<00:00, 47.87s/it]
ConceptNet training: 100%|██████████| 6/6 [04:58<00:00, 49.74s/it]
Concept 1 most common words:
[('dull', 27), ('really', 24), ('stupid', 24), ('movie', 22), ('pointless', 19), ('plot', 12), ('just', 11), ('/><br', 9), ('it.', 8), ('thing', 8), ('annoying', 8), ('terrible', 7), ('calculated', 6), ('imitation', 6), ('disguised', 6), ('poorly', 6), ('acted,', 6), ('clearly', 6), ('biased', 6), ('funny', 6), ('got', 6), ('idea', 6), ('weak', 6), ('unfortunately', 6), ("it's", 6)]


Concept 2 most common words:
[('dull', 23), ('just', 22), ('really', 22), ('stupid', 19), ('acting', 13), ('horrible', 13), ('movie', 13), ('poorly', 11), ('bad', 10), ('funny', 9), ('absolutely', 9), ('boring', 9), ('ridiculous', 8), ('plot', 8), ('all.', 7), ('story', 7), ('movie.', 7), ('/><br', 7), ('simply', 6), ('lacks', 6), ('predictable', 6), ('terrible', 6), ('big', 6), ('disappointment', 6), ('annoying', 6)]


Concept 3 most common words:
[('story', 9), ('good', 8), ('movie', 7), ('better', 7), ('just', 6), ('pretty', 6), ('interesting', 5), ('acting', 5), ('performances', 5), ('film', 5), ('great', 4), ('real', 4), ('quite', 4), ('/><br', 4), ('truly', 3), ('character', 3), ('script', 3), ('way', 3), ('hilarious', 3), ('thing', 3), ('act', 2), ('musical', 2), ('strange', 2), ('make', 2), ('world', 2)]


Concept 4 most common words:
[('love', 26), ('wonderful', 21), ('real', 18), ('story', 15), ('really', 13), ('life', 13), ('truly', 11), ('movie', 10), ('entertaining', 9), ('wild', 7), ('good', 7), ('leaves', 7), ('strange', 6), ('weird', 6), ('character', 6), ('moved', 5), ('brave', 5), ('little', 5), ('boy', 5), ('exceptional', 5), ('beautiful', 5), ('gives', 5), ('man', 5), ('book', 5), ('feeling', 5)]


Concept 5 most common words:
[('love', 24), ('wonderful', 22), ('real', 18), ('story', 16), ('really', 13), ('life', 13), ('truly', 12), ('movie', 10), ('entertaining', 9), ('wild', 7), ('good', 7), ('strange', 6), ('weird', 6), ('character', 6), ('man', 6), ('leaves', 6), ('great', 6), ('exceptional', 5), ('moved', 5), ('brave', 5), ('little', 5), ('boy', 5), ('gives', 5), ('beautiful', 5), ('way', 5)]


All done.
